timestamp,pair,breakout_fired,vol_spike_fired,mr_touch_fired
2025-12-14T05:45:14.826499+00:00,BTCUSDT,0,0,0
2025-12-14T05:45:14.826499+00:00,ETHUSDT,0,1,0
2025-12-14T05:45:27.106983+00:00,BTCUSDT,0,0,0
2025-12-14T05:45:27.106983+00:00,ETHUSDT,0,1,0
2025-12-14T05:45:39.026975+00:00,BTCUSDT,0,0,0
2025-12-14T05:45:39.026975+00:00,ETHUSDT,0,1,0
2025-12-14T05:45:51.246517+00:00,BTCUSDT,0,0,0
2025-12-14T05:45:51.246517+00:00,ETHUSDT,0,0,0
2025-12-14T05:46:03.172808+00:00,BTCUSDT,0,0,0
2025-12-14T05:46:03.172808+00:00,ETHUSDT,0,0,0
2025-12-14T05:46:14.928416+00:00,BTCUSDT,0,0,0
2025-12-14T05:46:14.928416+00:00,ETHUSDT,0,0,0
2025-12-14T05:46:27.155434+00:00,BTCUSDT,0,0,0
2025-12-14T05:46:27.155434+00:00,ETHUSDT,0,0,0
2025-12-14T05:46:39.081095+00:00,BTCUSDT,0,0,0
2025-12-14T05:46:39.081095+00:00,ETHUSDT,0,0,0
2025-12-14T05:46:50.854705+00:00,BTCUSDT,0,0,0
2025-12-14T05:46:50.854705+00:00,ETHUSDT,0,0,0
2025-12-14T05:47:02.605688+00:00,BTCUSDT,0,0,0
2025-12-14T05:47:02.605688+00:00,ETHUSDT,0,0,0
2025-12-14T05:47:14.537532+00:00,BTCUSDT,0,0,0
2025-12-14T05:47:14.537532+00:00,ETHUSDT,0,0,0
2025-12-14T05:47:26.312682+00:00,BTCUSDT,0,0,0
2025-12-14T05:47:26.312682+00:00,ETHUSDT,0,0,0
2025-12-14T05:47:38.060208+00:00,BTCUSDT,0,1,0
2025-12-14T05:47:38.060208+00:00,ETHUSDT,0,0,0
2025-12-14T05:47:49.849781+00:00,BTCUSDT,0,1,0
2025-12-14T05:47:49.849781+00:00,ETHUSDT,0,0,0
2025-12-14T05:48:01.789121+00:00,BTCUSDT,0,1,0
2025-12-14T05:48:01.789121+00:00,ETHUSDT,0,0,0
2025-12-14T05:48:13.540008+00:00,BTCUSDT,0,1,0
2025-12-14T05:48:13.540008+00:00,ETHUSDT,0,0,0
2025-12-14T05:48:25.462265+00:00,BTCUSDT,0,1,0
2025-12-14T05:48:25.462265+00:00,ETHUSDT,0,0,0
2025-12-14T05:48:37.234026+00:00,BTCUSDT,0,1,0
2025-12-14T05:48:37.234026+00:00,ETHUSDT,0,0,0
2025-12-14T05:58:48.331775+00:00,BTCUSDT,0,1,0
2025-12-14T05:58:48.331775+00:00,ETHUSDT,0,1,0
2025-12-14T05:59:00.090187+00:00,BTCUSDT,0,1,0
2025-12-14T05:59:00.090187+00:00,ETHUSDT,0,1,0
2025-12-14T05:59:11.875247+00:00,BTCUSDT,0,1,0
2025-12-14T05:59:11.875247+00:00,ETHUSDT,0,1,0
2025-12-14T05:59:23.645539+00:00,BTCUSDT,0,1,0
2025-12-14T05:59:23.645539+00:00,ETHUSDT,0,1,0
2025-12-14T05:59:35.574159+00:00,BTCUSDT,0,1,0
2025-12-14T05:59:35.574159+00:00,ETHUSDT,0,1,0
2025-12-14T05:59:47.347117+00:00,BTCUSDT,0,1,0
2025-12-14T05:59:47.347117+00:00,ETHUSDT,0,1,0
2025-12-14T05:59:59.264577+00:00,BTCUSDT,0,1,0
2025-12-14T05:59:59.264577+00:00,ETHUSDT,0,1,0
2025-12-14T06:00:11.042226+00:00,BTCUSDT,0,1,0
2025-12-14T06:00:11.042226+00:00,ETHUSDT,0,1,0
2025-12-14T06:00:22.801363+00:00,BTCUSDT,0,1,0
2025-12-14T06:00:22.801363+00:00,ETHUSDT,0,1,0
2025-12-14T06:00:34.578087+00:00,BTCUSDT,0,1,0
2025-12-14T06:00:34.578087+00:00,ETHUSDT,0,1,0
2025-12-14T06:00:46.490758+00:00,BTCUSDT,0,1,0
2025-12-14T06:00:46.490758+00:00,ETHUSDT,0,1,0
2025-12-14T06:00:58.248998+00:00,BTCUSDT,0,1,0
2025-12-14T06:00:58.248998+00:00,ETHUSDT,0,1,0
2025-12-14T06:01:10.192344+00:00,BTCUSDT,0,1,0
2025-12-14T06:01:10.192344+00:00,ETHUSDT,0,1,0
2025-12-14T06:01:21.955419+00:00,BTCUSDT,0,1,0
2025-12-14T06:01:21.955419+00:00,ETHUSDT,0,1,0
2025-12-14T06:01:33.884909+00:00,BTCUSDT,0,1,0
2025-12-14T06:01:33.884909+00:00,ETHUSDT,0,1,0
2025-12-14T06:01:45.638627+00:00,BTCUSDT,0,1,0
2025-12-14T06:01:45.638627+00:00,ETHUSDT,0,1,0
2025-12-14T06:01:57.566357+00:00,BTCUSDT,0,1,0
2025-12-14T06:01:57.566357+00:00,ETHUSDT,0,1,0
2025-12-14T06:02:09.337643+00:00,BTCUSDT,0,1,0
2025-12-14T06:02:09.337643+00:00,ETHUSDT,0,1,0
2025-12-14T06:02:21.265427+00:00,BTCUSDT,0,1,0
2025-12-14T06:02:21.265427+00:00,ETHUSDT,0,1,0
2025-12-14T06:02:33.026640+00:00,BTCUSDT,0,1,0
2025-12-14T06:02:33.026640+00:00,ETHUSDT,0,0,0
2025-12-14T06:02:45.075358+00:00,BTCUSDT,0,1,0
2025-12-14T06:02:45.075358+00:00,ETHUSDT,0,0,0
2025-12-14T06:02:56.841752+00:00,BTCUSDT,0,1,0
2025-12-14T06:02:56.841752+00:00,ETHUSDT,0,0,0
2025-12-14T06:03:08.788284+00:00,BTCUSDT,0,1,0
2025-12-14T06:03:08.788284+00:00,ETHUSDT,0,0,0
2025-12-14T06:03:20.552070+00:00,BTCUSDT,0,1,0
2025-12-14T06:03:20.552070+00:00,ETHUSDT,0,0,0
2025-12-14T06:03:32.312333+00:00,BTCUSDT,0,1,0
2025-12-14T06:03:32.312333+00:00,ETHUSDT,0,0,0
2025-12-14T06:03:44.088460+00:00,BTCUSDT,0,1,0
2025-12-14T06:03:44.088460+00:00,ETHUSDT,0,0,0
2025-12-14T06:03:56.043536+00:00,BTCUSDT,0,1,0
2025-12-14T06:03:56.043536+00:00,ETHUSDT,0,0,0
2025-12-14T06:04:07.890161+00:00,BTCUSDT,0,1,0
2025-12-14T06:04:07.890161+00:00,ETHUSDT,0,0,0
2025-12-14T06:04:19.811055+00:00,BTCUSDT,0,1,0
2025-12-14T06:04:19.811055+00:00,ETHUSDT,0,0,0
2025-12-14T06:04:31.570260+00:00,BTCUSDT,0,1,0
2025-12-14T06:04:31.570260+00:00,ETHUSDT,0,0,0
2025-12-14T06:04:43.330587+00:00,BTCUSDT,0,1,0
2025-12-14T06:04:43.330587+00:00,ETHUSDT,0,0,0
2025-12-14T06:04:55.082559+00:00,BTCUSDT,0,1,0
2025-12-14T06:04:55.082559+00:00,ETHUSDT,0,0,0
2025-12-14T06:05:07.029895+00:00,BTCUSDT,0,1,0
2025-12-14T06:05:07.029895+00:00,ETHUSDT,0,0,0
2025-12-14T06:05:18.795884+00:00,BTCUSDT,0,1,0
2025-12-14T06:05:18.795884+00:00,ETHUSDT,0,0,0
2025-12-14T06:05:30.720507+00:00,BTCUSDT,0,1,0
2025-12-14T06:05:30.720507+00:00,ETHUSDT,0,0,0
2025-12-14T06:05:42.484942+00:00,BTCUSDT,0,1,0
2025-12-14T06:05:42.484942+00:00,ETHUSDT,0,0,0
2025-12-14T06:05:54.672616+00:00,BTCUSDT,0,1,0
2025-12-14T06:05:54.672616+00:00,ETHUSDT,0,0,0
2025-12-14T06:06:06.445368+00:00,BTCUSDT,0,1,0
2025-12-14T06:06:06.445368+00:00,ETHUSDT,0,0,0
2025-12-14T06:06:18.365323+00:00,BTCUSDT,0,0,0
2025-12-14T06:06:18.365323+00:00,ETHUSDT,0,0,0
2025-12-14T06:06:30.130037+00:00,BTCUSDT,0,0,0
2025-12-14T06:06:30.130037+00:00,ETHUSDT,0,0,0
2025-12-14T06:06:41.896335+00:00,BTCUSDT,0,0,0
2025-12-14T06:06:41.896335+00:00,ETHUSDT,0,0,0
2025-12-14T06:06:53.654684+00:00,BTCUSDT,0,0,0
2025-12-14T06:06:53.654684+00:00,ETHUSDT,0,0,0
2025-12-14T06:07:05.558566+00:00,BTCUSDT,0,0,0
2025-12-14T06:07:05.558566+00:00,ETHUSDT,0,0,0
2025-12-14T06:07:17.482492+00:00,BTCUSDT,0,0,0
2025-12-14T06:07:17.482492+00:00,ETHUSDT,0,0,0
2025-12-14T06:07:29.248312+00:00,BTCUSDT,0,0,0
2025-12-14T06:07:29.248312+00:00,ETHUSDT,0,0,0
2025-12-14T06:07:41.208635+00:00,BTCUSDT,0,0,0
2025-12-14T06:07:41.208635+00:00,ETHUSDT,0,0,0
2025-12-14T06:07:53.061035+00:00,BTCUSDT,0,0,0
2025-12-14T06:07:53.061035+00:00,ETHUSDT,0,0,0
2025-12-14T06:08:04.830178+00:00,BTCUSDT,0,0,0
2025-12-14T06:08:04.830178+00:00,ETHUSDT,0,0,0
2025-12-14T06:08:16.611727+00:00,BTCUSDT,0,0,0
2025-12-14T06:08:16.611727+00:00,ETHUSDT,0,0,0
2025-12-14T06:08:28.713362+00:00,BTCUSDT,0,0,0
2025-12-14T06:08:28.713362+00:00,ETHUSDT,0,0,0
2025-12-14T06:08:40.502671+00:00,BTCUSDT,0,0,0
2025-12-14T06:08:40.502671+00:00,ETHUSDT,0,0,0
2025-12-14T06:08:52.272195+00:00,BTCUSDT,0,0,0
2025-12-14T06:08:52.272195+00:00,ETHUSDT,0,0,0
2025-12-14T06:09:04.234559+00:00,BTCUSDT,0,0,0
2025-12-14T06:09:04.234559+00:00,ETHUSDT,0,0,0
2025-12-14T06:09:16.011098+00:00,BTCUSDT,0,0,0
2025-12-14T06:09:16.011098+00:00,ETHUSDT,0,0,0
2025-12-14T06:09:27.752743+00:00,BTCUSDT,0,0,0
2025-12-14T06:09:27.752743+00:00,ETHUSDT,0,0,0
2025-12-14T06:09:39.671348+00:00,BTCUSDT,0,0,0
2025-12-14T06:09:39.671348+00:00,ETHUSDT,0,0,0
2025-12-14T06:09:51.577987+00:00,BTCUSDT,0,0,0
2025-12-14T06:09:51.577987+00:00,ETHUSDT,0,0,0
2025-12-14T06:10:03.360711+00:00,BTCUSDT,0,0,0
2025-12-14T06:10:03.360711+00:00,ETHUSDT,0,0,0
2025-12-14T06:10:15.145721+00:00,BTCUSDT,0,0,0
2025-12-14T06:10:15.145721+00:00,ETHUSDT,0,0,0
2025-12-14T06:10:27.075328+00:00,BTCUSDT,0,0,0
2025-12-14T06:10:27.075328+00:00,ETHUSDT,0,0,0
2025-12-14T06:10:38.841118+00:00,BTCUSDT,0,0,0
2025-12-14T06:10:38.841118+00:00,ETHUSDT,0,0,0
2025-12-14T06:10:50.770135+00:00,BTCUSDT,0,0,0
2025-12-14T06:10:50.770135+00:00,ETHUSDT,0,0,0
2025-12-14T06:11:02.525898+00:00,BTCUSDT,0,0,0
2025-12-14T06:11:02.525898+00:00,ETHUSDT,0,0,0
2025-12-14T06:11:14.314950+00:00,BTCUSDT,0,0,0
2025-12-14T06:11:14.314950+00:00,ETHUSDT,0,0,0
2025-12-14T06:11:26.104321+00:00,BTCUSDT,0,0,0
2025-12-14T06:11:26.104321+00:00,ETHUSDT,0,0,0
2025-12-14T06:11:38.039578+00:00,BTCUSDT,0,0,0
2025-12-14T06:11:38.039578+00:00,ETHUSDT,0,1,0
2025-12-14T06:11:49.798799+00:00,BTCUSDT,0,0,0
2025-12-14T06:11:49.798799+00:00,ETHUSDT,0,1,0
2025-12-14T06:12:01.563910+00:00,BTCUSDT,0,0,0
2025-12-14T06:12:01.563910+00:00,ETHUSDT,0,1,0
2025-12-14T06:12:13.312573+00:00,BTCUSDT,0,0,0
2025-12-14T06:12:13.312573+00:00,ETHUSDT,0,0,0
2025-12-14T06:12:25.090477+00:00,BTCUSDT,0,0,0
2025-12-14T06:12:25.090477+00:00,ETHUSDT,0,0,0
2025-12-14T06:12:37.327861+00:00,BTCUSDT,0,0,0
2025-12-14T06:12:37.327861+00:00,ETHUSDT,0,0,0
2025-12-14T06:12:49.111387+00:00,BTCUSDT,0,0,0
2025-12-14T06:12:49.111387+00:00,ETHUSDT,0,0,0
2025-12-14T06:13:00.874279+00:00,BTCUSDT,0,0,0
2025-12-14T06:13:00.874279+00:00,ETHUSDT,0,0,0
2025-12-14T06:13:12.628268+00:00,BTCUSDT,0,0,0
2025-12-14T06:13:12.628268+00:00,ETHUSDT,0,0,0
2025-12-14T06:13:24.381175+00:00,BTCUSDT,0,0,0
2025-12-14T06:13:24.381175+00:00,ETHUSDT,0,0,0
2025-12-14T06:13:36.162280+00:00,BTCUSDT,0,0,0
2025-12-14T06:13:36.162280+00:00,ETHUSDT,0,0,0
2025-12-14T06:13:47.925700+00:00,BTCUSDT,0,0,0
2025-12-14T06:13:47.925700+00:00,ETHUSDT,0,0,0
2025-12-14T06:13:59.842778+00:00,BTCUSDT,0,0,0
2025-12-14T06:13:59.842778+00:00,ETHUSDT,0,0,0
2025-12-14T06:14:11.608857+00:00,BTCUSDT,0,0,0
2025-12-14T06:14:11.608857+00:00,ETHUSDT,0,0,0
2025-12-14T06:14:23.360787+00:00,BTCUSDT,0,0,0
2025-12-14T06:14:23.360787+00:00,ETHUSDT,0,0,0
2025-12-14T06:14:35.136227+00:00,BTCUSDT,0,0,0
2025-12-14T06:14:35.136227+00:00,ETHUSDT,0,0,0
2025-12-14T06:14:47.053798+00:00,BTCUSDT,0,0,0
2025-12-14T06:14:47.053798+00:00,ETHUSDT,0,0,0
2025-12-14T06:14:58.804860+00:00,BTCUSDT,0,1,0
2025-12-14T06:14:58.804860+00:00,ETHUSDT,0,1,0
2025-12-14T06:15:11.308558+00:00,BTCUSDT,0,1,0
2025-12-14T06:15:11.308558+00:00,ETHUSDT,0,1,0
2025-12-14T06:15:23.095476+00:00,BTCUSDT,0,1,0
2025-12-14T06:15:23.095476+00:00,ETHUSDT,0,0,0
2025-12-14T06:15:34.864378+00:00,BTCUSDT,0,0,0
2025-12-14T06:15:34.864378+00:00,ETHUSDT,0,0,0
2025-12-14T06:15:46.643847+00:00,BTCUSDT,0,0,0
2025-12-14T06:15:46.643847+00:00,ETHUSDT,0,0,0
2025-12-14T06:15:58.629108+00:00,BTCUSDT,0,0,0
2025-12-14T06:15:58.629108+00:00,ETHUSDT,0,0,0
2025-12-14T06:16:10.831135+00:00,BTCUSDT,0,0,0
2025-12-14T06:16:10.831135+00:00,ETHUSDT,0,0,0
2025-12-14T06:16:22.583919+00:00,BTCUSDT,0,0,0
2025-12-14T06:16:22.583919+00:00,ETHUSDT,0,0,0
2025-12-14T06:16:34.366615+00:00,BTCUSDT,0,0,0
2025-12-14T06:16:34.366615+00:00,ETHUSDT,0,0,0
2025-12-14T06:16:46.286386+00:00,BTCUSDT,0,0,0
2025-12-14T06:16:46.286386+00:00,ETHUSDT,0,0,0
2025-12-14T06:16:58.204423+00:00,BTCUSDT,0,0,0
2025-12-14T06:16:58.204423+00:00,ETHUSDT,0,0,0
2025-12-14T06:17:10.037239+00:00,BTCUSDT,0,0,0
2025-12-14T06:17:10.037239+00:00,ETHUSDT,0,0,0
2025-12-14T06:17:21.965790+00:00,BTCUSDT,0,0,0
2025-12-14T06:17:21.965790+00:00,ETHUSDT,0,1,0
2025-12-14T06:17:33.736786+00:00,BTCUSDT,0,0,0
2025-12-14T06:17:33.736786+00:00,ETHUSDT,0,1,0
2025-12-14T06:17:45.660283+00:00,BTCUSDT,0,0,0
2025-12-14T06:17:45.660283+00:00,ETHUSDT,0,1,0
2025-12-14T06:17:57.417725+00:00,BTCUSDT,0,0,0
2025-12-14T06:17:57.417725+00:00,ETHUSDT,0,1,0
2025-12-14T06:18:09.509036+00:00,BTCUSDT,0,0,0
2025-12-14T06:18:09.509036+00:00,ETHUSDT,0,1,0
2025-12-14T06:18:21.258601+00:00,BTCUSDT,0,0,0
2025-12-14T06:18:21.258601+00:00,ETHUSDT,0,1,0
2025-12-14T06:18:33.037708+00:00,BTCUSDT,0,0,0
2025-12-14T06:18:33.037708+00:00,ETHUSDT,0,1,0
2025-12-14T06:18:45.040787+00:00,BTCUSDT,0,1,0
2025-12-14T06:18:45.040787+00:00,ETHUSDT,0,1,0
2025-12-14T06:18:56.917029+00:00,BTCUSDT,0,1,0
2025-12-14T06:18:56.917029+00:00,ETHUSDT,0,1,0
2025-12-14T06:19:08.947826+00:00,BTCUSDT,0,1,0
2025-12-14T06:19:08.947826+00:00,ETHUSDT,0,1,0
2025-12-14T06:19:20.902725+00:00,BTCUSDT,0,0,0
2025-12-14T06:19:20.902725+00:00,ETHUSDT,0,1,0
2025-12-14T06:19:32.837915+00:00,BTCUSDT,0,0,0
2025-12-14T06:19:32.837915+00:00,ETHUSDT,0,1,0
2025-12-14T06:19:44.598364+00:00,BTCUSDT,0,1,0
2025-12-14T06:19:44.598364+00:00,ETHUSDT,0,1,0
2025-12-14T06:19:56.875681+00:00,BTCUSDT,0,1,0
2025-12-14T06:19:56.875681+00:00,ETHUSDT,0,1,0
2025-12-14T06:20:09.152975+00:00,BTCUSDT,0,1,0
2025-12-14T06:20:09.152975+00:00,ETHUSDT,0,1,0
2025-12-14T06:20:20.913969+00:00,BTCUSDT,0,1,0
2025-12-14T06:20:20.913969+00:00,ETHUSDT,0,1,0
2025-12-14T06:20:32.900419+00:00,BTCUSDT,0,1,0
2025-12-14T06:20:32.900419+00:00,ETHUSDT,0,1,0
2025-12-14T06:20:44.700525+00:00,BTCUSDT,0,1,0
2025-12-14T06:20:44.700525+00:00,ETHUSDT,0,1,0
2025-12-14T06:20:56.636928+00:00,BTCUSDT,0,1,0
2025-12-14T06:20:56.636928+00:00,ETHUSDT,0,1,0
2025-12-14T06:21:09.102796+00:00,BTCUSDT,0,1,0
2025-12-14T06:21:09.102796+00:00,ETHUSDT,0,1,0
2025-12-14T06:21:21.441207+00:00,BTCUSDT,0,1,0
2025-12-14T06:21:21.441207+00:00,ETHUSDT,0,1,0
2025-12-14T06:21:33.675848+00:00,BTCUSDT,0,1,0
2025-12-14T06:21:33.675848+00:00,ETHUSDT,0,1,0
2025-12-14T06:21:45.470155+00:00,BTCUSDT,0,1,0
2025-12-14T06:21:45.470155+00:00,ETHUSDT,0,1,0
2025-12-14T06:21:57.274540+00:00,BTCUSDT,0,1,0
2025-12-14T06:21:57.274540+00:00,ETHUSDT,0,1,0
2025-12-14T06:22:09.931378+00:00,BTCUSDT,0,1,0
2025-12-14T06:22:09.931378+00:00,ETHUSDT,0,1,0
2025-12-14T06:22:21.879790+00:00,BTCUSDT,0,1,0
2025-12-14T06:22:21.879790+00:00,ETHUSDT,0,1,0
2025-12-14T06:22:33.647844+00:00,BTCUSDT,0,1,0
2025-12-14T06:22:33.647844+00:00,ETHUSDT,0,0,0
2025-12-14T06:22:45.406821+00:00,BTCUSDT,0,1,0
2025-12-14T06:22:45.406821+00:00,ETHUSDT,0,0,0
2025-12-14T06:22:57.725929+00:00,BTCUSDT,0,1,0
2025-12-14T06:22:57.725929+00:00,ETHUSDT,0,0,0
2025-12-14T06:23:09.616394+00:00,BTCUSDT,0,1,0
2025-12-14T06:23:09.616394+00:00,ETHUSDT,0,0,0
2025-12-14T06:23:21.404657+00:00,BTCUSDT,0,1,0
2025-12-14T06:23:21.404657+00:00,ETHUSDT,0,0,0
2025-12-14T06:23:32.630016+00:00,ETHUSDT,0,0,0
2025-12-14T06:23:44.532103+00:00,BTCUSDT,0,1,0
2025-12-14T06:23:44.532103+00:00,ETHUSDT,0,0,0
2025-12-14T06:23:56.270486+00:00,BTCUSDT,0,1,0
2025-12-14T06:23:56.270486+00:00,ETHUSDT,0,0,0
2025-12-14T06:24:08.024475+00:00,BTCUSDT,0,0,0
2025-12-14T06:24:08.024475+00:00,ETHUSDT,0,0,0
2025-12-14T06:24:19.972191+00:00,BTCUSDT,0,0,0
2025-12-14T06:24:19.972191+00:00,ETHUSDT,0,0,0
2025-12-14T06:24:31.711619+00:00,BTCUSDT,0,0,0
2025-12-14T06:24:31.711619+00:00,ETHUSDT,0,0,0
2025-12-14T06:24:43.609850+00:00,BTCUSDT,0,1,0
2025-12-14T06:24:43.609850+00:00,ETHUSDT,0,0,0
2025-12-14T06:24:55.354639+00:00,BTCUSDT,0,1,0
2025-12-14T06:24:55.354639+00:00,ETHUSDT,0,0,0
2025-12-14T06:25:07.584093+00:00,BTCUSDT,0,1,0
2025-12-14T06:25:07.584093+00:00,ETHUSDT,0,0,0
2025-12-14T06:25:19.358240+00:00,BTCUSDT,0,1,0
2025-12-14T06:25:19.358240+00:00,ETHUSDT,0,0,0
2025-12-14T06:25:31.293103+00:00,BTCUSDT,0,1,0
2025-12-14T06:25:31.293103+00:00,ETHUSDT,0,0,0
2025-12-14T06:25:43.075625+00:00,BTCUSDT,0,1,0
2025-12-14T06:25:43.075625+00:00,ETHUSDT,0,0,0
2025-12-14T06:25:54.830266+00:00,BTCUSDT,0,1,0
2025-12-14T06:25:54.830266+00:00,ETHUSDT,0,0,0
2025-12-14T06:26:06.570314+00:00,BTCUSDT,0,1,0
2025-12-14T06:26:06.570314+00:00,ETHUSDT,0,0,0
2025-12-14T06:26:18.326612+00:00,BTCUSDT,0,1,0
2025-12-14T06:26:18.326612+00:00,ETHUSDT,0,0,0
2025-12-14T06:26:30.544322+00:00,BTCUSDT,0,1,0
2025-12-14T06:26:30.544322+00:00,ETHUSDT,0,0,0
2025-12-14T06:26:42.291141+00:00,BTCUSDT,0,1,0
2025-12-14T06:26:42.291141+00:00,ETHUSDT,0,0,0
2025-12-14T06:26:54.038913+00:00,BTCUSDT,0,1,0
2025-12-14T06:26:54.038913+00:00,ETHUSDT,0,0,0
2025-12-14T06:27:05.789162+00:00,BTCUSDT,0,1,0
2025-12-14T06:27:05.789162+00:00,ETHUSDT,0,0,0
2025-12-14T06:27:17.550442+00:00,BTCUSDT,0,0,0
2025-12-14T06:27:17.550442+00:00,ETHUSDT,0,0,0
2025-12-14T06:27:29.343587+00:00,BTCUSDT,0,0,0
2025-12-14T06:27:29.343587+00:00,ETHUSDT,0,0,0
2025-12-14T06:27:41.101475+00:00,BTCUSDT,0,0,0
2025-12-14T06:27:41.101475+00:00,ETHUSDT,0,0,0
2025-12-14T06:27:53.014287+00:00,BTCUSDT,0,0,0
2025-12-14T06:27:53.014287+00:00,ETHUSDT,0,0,0
2025-12-14T06:28:04.758548+00:00,BTCUSDT,0,1,0
2025-12-14T06:28:04.758548+00:00,ETHUSDT,0,1,0
2025-12-14T06:28:16.531580+00:00,BTCUSDT,0,1,0
2025-12-14T06:28:16.531580+00:00,ETHUSDT,0,1,0
2025-12-14T06:28:28.288841+00:00,BTCUSDT,0,0,0
2025-12-14T06:28:28.288841+00:00,ETHUSDT,0,1,0
2025-12-14T06:28:40.214927+00:00,BTCUSDT,0,0,0
2025-12-14T06:28:40.214927+00:00,ETHUSDT,0,1,0
2025-12-14T06:28:51.987837+00:00,BTCUSDT,0,0,0
2025-12-14T06:28:51.987837+00:00,ETHUSDT,0,1,0
2025-12-14T06:29:03.893014+00:00,BTCUSDT,0,0,0
2025-12-14T06:29:03.893014+00:00,ETHUSDT,0,1,0
2025-12-14T06:29:16.163620+00:00,BTCUSDT,0,0,0
2025-12-14T06:29:16.163620+00:00,ETHUSDT,0,1,0
2025-12-14T06:29:27.937083+00:00,BTCUSDT,0,0,0
2025-12-14T06:29:27.937083+00:00,ETHUSDT,0,1,0
2025-12-14T06:29:39.727237+00:00,BTCUSDT,0,0,0
2025-12-14T06:29:39.727237+00:00,ETHUSDT,0,1,0
2025-12-14T06:29:51.661653+00:00,BTCUSDT,0,0,0
2025-12-14T06:29:51.661653+00:00,ETHUSDT,0,1,0
2025-12-14T06:30:03.417655+00:00,BTCUSDT,0,0,0
2025-12-14T06:30:03.417655+00:00,ETHUSDT,0,1,0
2025-12-14T06:30:15.191310+00:00,BTCUSDT,0,0,0
2025-12-14T06:30:15.191310+00:00,ETHUSDT,0,1,0
2025-12-14T06:30:26.964425+00:00,BTCUSDT,0,0,0
2025-12-14T06:30:26.964425+00:00,ETHUSDT,0,1,0
2025-12-14T06:30:38.873475+00:00,BTCUSDT,0,1,0
2025-12-14T06:30:38.873475+00:00,ETHUSDT,0,1,0
2025-12-14T06:30:50.820987+00:00,BTCUSDT,0,1,0
2025-12-14T06:30:50.820987+00:00,ETHUSDT,0,1,0
2025-12-14T06:31:02.579150+00:00,BTCUSDT,0,1,0
2025-12-14T06:31:02.579150+00:00,ETHUSDT,0,1,0
2025-12-14T06:31:14.487943+00:00,BTCUSDT,0,0,0
2025-12-14T06:31:14.487943+00:00,ETHUSDT,0,1,0
2025-12-14T06:31:26.362658+00:00,BTCUSDT,0,1,0
2025-12-14T06:31:26.362658+00:00,ETHUSDT,0,1,0
2025-12-14T06:31:38.123526+00:00,BTCUSDT,0,1,0
2025-12-14T06:31:38.123526+00:00,ETHUSDT,0,1,0
2025-12-14T06:31:49.873110+00:00,BTCUSDT,0,0,0
2025-12-14T06:31:49.873110+00:00,ETHUSDT,0,0,0
2025-12-14T06:32:01.952687+00:00,BTCUSDT,0,0,0
2025-12-14T06:32:01.952687+00:00,ETHUSDT,0,0,0
2025-12-14T06:32:13.712821+00:00,BTCUSDT,0,0,0
2025-12-14T06:32:13.712821+00:00,ETHUSDT,0,0,0
2025-12-14T06:32:25.467393+00:00,BTCUSDT,0,0,0
2025-12-14T06:32:25.467393+00:00,ETHUSDT,0,0,0
2025-12-14T06:32:37.376990+00:00,BTCUSDT,0,0,0
2025-12-14T06:32:37.376990+00:00,ETHUSDT,0,0,0
2025-12-14T06:32:49.127044+00:00,BTCUSDT,0,0,0
2025-12-14T06:32:49.127044+00:00,ETHUSDT,0,0,0
2025-12-14T06:33:00.869390+00:00,BTCUSDT,0,0,0
2025-12-14T06:33:00.869390+00:00,ETHUSDT,0,0,0
2025-12-14T06:33:12.784875+00:00,BTCUSDT,0,0,0
2025-12-14T06:33:12.784875+00:00,ETHUSDT,0,0,0
2025-12-14T06:33:24.543783+00:00,BTCUSDT,0,0,0
2025-12-14T06:33:24.543783+00:00,ETHUSDT,0,0,0
2025-12-14T06:33:36.324669+00:00,BTCUSDT,0,0,0
2025-12-14T06:33:36.324669+00:00,ETHUSDT,0,1,0
2025-12-14T06:33:48.164939+00:00,BTCUSDT,0,0,0
2025-12-14T06:33:48.164939+00:00,ETHUSDT,0,1,0
2025-12-14T06:34:00.140318+00:00,BTCUSDT,0,0,0
2025-12-14T06:34:00.140318+00:00,ETHUSDT,0,1,0
2025-12-14T06:34:11.912117+00:00,BTCUSDT,0,0,0
2025-12-14T06:34:11.912117+00:00,ETHUSDT,0,1,0
2025-12-14T06:34:23.844025+00:00,BTCUSDT,0,0,0
2025-12-14T06:34:23.844025+00:00,ETHUSDT,0,1,0
2025-12-14T06:34:35.625090+00:00,BTCUSDT,0,0,0
2025-12-14T06:34:35.625090+00:00,ETHUSDT,0,1,0
2025-12-14T06:34:47.529568+00:00,BTCUSDT,0,0,0
2025-12-14T06:34:47.529568+00:00,ETHUSDT,0,1,0
2025-12-14T06:34:59.299053+00:00,BTCUSDT,0,0,0
2025-12-14T06:34:59.299053+00:00,ETHUSDT,0,1,0
2025-12-14T06:35:11.220689+00:00,BTCUSDT,0,0,0
2025-12-14T06:35:11.220689+00:00,ETHUSDT,0,1,0
2025-12-14T06:35:22.962070+00:00,BTCUSDT,0,0,0
2025-12-14T06:35:22.962070+00:00,ETHUSDT,0,1,0
2025-12-14T06:35:34.863916+00:00,BTCUSDT,0,0,0
2025-12-14T06:35:34.863916+00:00,ETHUSDT,0,1,0
2025-12-14T06:35:46.609568+00:00,BTCUSDT,0,0,0
2025-12-14T06:35:46.609568+00:00,ETHUSDT,0,1,0
2025-12-14T06:35:58.359630+00:00,BTCUSDT,0,0,0
2025-12-14T06:35:58.359630+00:00,ETHUSDT,0,1,0
2025-12-14T06:36:10.152239+00:00,BTCUSDT,0,0,0
2025-12-14T06:36:10.152239+00:00,ETHUSDT,0,1,0
2025-12-14T06:36:22.072409+00:00,BTCUSDT,0,0,0
2025-12-14T06:36:22.072409+00:00,ETHUSDT,0,1,0
2025-12-14T06:36:33.922391+00:00,BTCUSDT,0,0,0
2025-12-14T06:36:33.922391+00:00,ETHUSDT,0,1,0
2025-12-14T06:36:45.665480+00:00,BTCUSDT,0,0,0
2025-12-14T06:36:45.665480+00:00,ETHUSDT,0,1,0
2025-12-14T06:36:57.403651+00:00,BTCUSDT,0,0,0
2025-12-14T06:36:57.403651+00:00,ETHUSDT,0,1,0
2025-12-14T06:37:09.334928+00:00,BTCUSDT,0,0,0
2025-12-14T06:37:09.334928+00:00,ETHUSDT,0,0,0
2025-12-14T06:37:21.078760+00:00,BTCUSDT,0,0,0
2025-12-14T06:37:21.078760+00:00,ETHUSDT,0,0,0
2025-12-14T06:37:33.005860+00:00,BTCUSDT,0,0,0
2025-12-14T06:37:33.005860+00:00,ETHUSDT,0,0,0
2025-12-14T06:37:44.742683+00:00,BTCUSDT,0,0,0
2025-12-14T06:37:44.742683+00:00,ETHUSDT,0,0,0
2025-12-14T06:37:56.511306+00:00,BTCUSDT,0,0,0
2025-12-14T06:37:56.511306+00:00,ETHUSDT,0,0,0
2025-12-14T06:38:08.259454+00:00,BTCUSDT,0,0,0
2025-12-14T06:38:08.259454+00:00,ETHUSDT,0,0,0
2025-12-14T06:38:20.414612+00:00,BTCUSDT,0,0,0
2025-12-14T06:38:20.414612+00:00,ETHUSDT,0,0,0
2025-12-14T06:38:32.172310+00:00,BTCUSDT,0,0,0
2025-12-14T06:38:32.172310+00:00,ETHUSDT,0,0,0
2025-12-14T06:38:44.082461+00:00,BTCUSDT,0,0,0
2025-12-14T06:38:44.082461+00:00,ETHUSDT,0,0,0
2025-12-14T06:38:55.830874+00:00,BTCUSDT,0,0,0
2025-12-14T06:38:55.830874+00:00,ETHUSDT,0,0,0
2025-12-14T06:39:07.605323+00:00,BTCUSDT,0,0,0
2025-12-14T06:39:07.605323+00:00,ETHUSDT,0,0,0
2025-12-14T06:39:19.383811+00:00,BTCUSDT,0,0,0
2025-12-14T06:39:19.383811+00:00,ETHUSDT,0,0,0
2025-12-14T06:39:31.311519+00:00,BTCUSDT,0,0,0
2025-12-14T06:39:31.311519+00:00,ETHUSDT,0,0,0
2025-12-14T06:39:43.078078+00:00,BTCUSDT,0,1,0
2025-12-14T06:39:43.078078+00:00,ETHUSDT,0,0,0
2025-12-14T06:39:54.829247+00:00,BTCUSDT,0,1,0
2025-12-14T06:39:54.829247+00:00,ETHUSDT,0,0,0
2025-12-14T06:40:06.578406+00:00,BTCUSDT,0,1,0
2025-12-14T06:40:06.578406+00:00,ETHUSDT,0,0,0
2025-12-14T06:40:18.534133+00:00,BTCUSDT,0,1,0
2025-12-14T06:40:18.534133+00:00,ETHUSDT,0,0,0
2025-12-14T06:40:30.442441+00:00,BTCUSDT,0,1,0
2025-12-14T06:40:30.442441+00:00,ETHUSDT,0,0,0
2025-12-14T06:40:42.184344+00:00,BTCUSDT,0,1,0
2025-12-14T06:40:42.184344+00:00,ETHUSDT,0,0,0
2025-12-14T06:40:54.090913+00:00,BTCUSDT,0,1,0
2025-12-14T06:40:54.090913+00:00,ETHUSDT,0,0,0
2025-12-14T06:41:05.842516+00:00,BTCUSDT,0,1,0
2025-12-14T06:41:05.842516+00:00,ETHUSDT,0,0,0
2025-12-14T06:41:17.574549+00:00,BTCUSDT,0,1,0
2025-12-14T06:41:17.574549+00:00,ETHUSDT,0,0,0
2025-12-14T06:41:29.308374+00:00,BTCUSDT,0,1,0
2025-12-14T06:41:29.308374+00:00,ETHUSDT,0,0,0
2025-12-14T06:41:41.397078+00:00,BTCUSDT,0,1,0
2025-12-14T06:41:41.397078+00:00,ETHUSDT,0,0,0
2025-12-14T06:41:53.164988+00:00,BTCUSDT,0,1,0
2025-12-14T06:41:53.164988+00:00,ETHUSDT,0,0,0
2025-12-14T06:44:27.284268+00:00,BTCUSDT,0,1,0
2025-12-14T06:44:27.284268+00:00,ETHUSDT,0,0,0
2025-12-14T06:44:39.056391+00:00,BTCUSDT,0,1,0
2025-12-14T06:44:39.056391+00:00,ETHUSDT,0,0,0
2025-12-14T06:44:50.806607+00:00,BTCUSDT,0,1,0
2025-12-14T06:44:50.806607+00:00,ETHUSDT,0,0,0
2025-12-14T06:45:03.008992+00:00,BTCUSDT,0,0,0
2025-12-14T06:45:03.008992+00:00,ETHUSDT,0,0,0
2025-12-14T06:45:14.935187+00:00,BTCUSDT,0,0,0
2025-12-14T06:45:14.935187+00:00,ETHUSDT,0,0,0
2025-12-14T06:45:26.689109+00:00,BTCUSDT,0,1,0
2025-12-14T06:45:26.689109+00:00,ETHUSDT,0,0,0
2025-12-14T06:45:38.623534+00:00,BTCUSDT,0,1,0
2025-12-14T06:45:38.623534+00:00,ETHUSDT,0,0,0
2025-12-14T06:45:50.547500+00:00,BTCUSDT,0,1,0
2025-12-14T06:45:50.547500+00:00,ETHUSDT,0,0,0
2025-12-14T06:46:02.317362+00:00,BTCUSDT,0,1,0
2025-12-14T06:46:02.317362+00:00,ETHUSDT,0,0,0
2025-12-14T06:46:14.082145+00:00,BTCUSDT,0,1,0
2025-12-14T06:46:14.082145+00:00,ETHUSDT,0,0,0
2025-12-14T06:46:26.005615+00:00,BTCUSDT,0,1,0
2025-12-14T06:46:26.005615+00:00,ETHUSDT,0,0,0
2025-12-14T06:46:37.772226+00:00,BTCUSDT,0,1,0
2025-12-14T06:46:37.772226+00:00,ETHUSDT,0,0,0
2025-12-14T06:46:49.717153+00:00,BTCUSDT,0,1,0
2025-12-14T06:46:49.717153+00:00,ETHUSDT,0,1,0
2025-12-14T06:47:01.499242+00:00,BTCUSDT,0,1,0
2025-12-14T06:47:01.499242+00:00,ETHUSDT,0,1,0
2025-12-14T06:47:13.250573+00:00,BTCUSDT,0,1,0
2025-12-14T06:47:13.250573+00:00,ETHUSDT,0,1,0
2025-12-14T06:47:25.006179+00:00,BTCUSDT,0,1,0
2025-12-14T06:47:25.006179+00:00,ETHUSDT,0,1,0
2025-12-14T06:47:36.938712+00:00,BTCUSDT,0,1,0
2025-12-14T06:47:36.938712+00:00,ETHUSDT,0,1,0
2025-12-14T06:47:48.705304+00:00,BTCUSDT,0,1,0
2025-12-14T06:47:48.705304+00:00,ETHUSDT,0,1,0
2025-12-14T06:48:00.493084+00:00,BTCUSDT,0,1,0
2025-12-14T06:48:00.493084+00:00,ETHUSDT,0,1,0
2025-12-14T06:48:12.257639+00:00,BTCUSDT,0,0,0
2025-12-14T06:48:12.257639+00:00,ETHUSDT,0,1,0
2025-12-14T06:48:24.002077+00:00,BTCUSDT,0,0,0
2025-12-14T06:48:24.002077+00:00,ETHUSDT,0,1,0
2025-12-14T06:48:36.223319+00:00,BTCUSDT,0,0,0
2025-12-14T06:48:36.223319+00:00,ETHUSDT,0,1,0
2025-12-14T06:48:47.969959+00:00,BTCUSDT,0,0,0
2025-12-14T06:48:47.969959+00:00,ETHUSDT,0,1,0
2025-12-14T06:48:59.719862+00:00,BTCUSDT,0,0,0
2025-12-14T06:48:59.719862+00:00,ETHUSDT,0,1,0
2025-12-14T06:49:11.485920+00:00,BTCUSDT,0,0,0
2025-12-14T06:49:11.485920+00:00,ETHUSDT,0,1,0
2025-12-14T06:49:23.237982+00:00,BTCUSDT,0,0,0
2025-12-14T06:49:23.237982+00:00,ETHUSDT,0,1,0
2025-12-14T06:49:34.967756+00:00,BTCUSDT,0,0,0
2025-12-14T06:49:34.967756+00:00,ETHUSDT,0,1,0
2025-12-14T06:49:46.726211+00:00,BTCUSDT,0,0,0
2025-12-14T06:49:46.726211+00:00,ETHUSDT,0,1,0
2025-12-14T06:49:58.675673+00:00,BTCUSDT,0,0,0
2025-12-14T06:49:58.675673+00:00,ETHUSDT,0,1,0
2025-12-14T06:50:10.457625+00:00,BTCUSDT,0,0,0
2025-12-14T06:50:10.457625+00:00,ETHUSDT,0,1,0
2025-12-14T06:50:22.220373+00:00,BTCUSDT,0,0,0
2025-12-14T06:50:22.220373+00:00,ETHUSDT,0,1,0
2025-12-14T06:50:33.982122+00:00,BTCUSDT,0,0,0
2025-12-14T06:50:33.982122+00:00,ETHUSDT,0,0,0
2025-12-14T06:50:45.885705+00:00,BTCUSDT,0,0,0
2025-12-14T06:50:45.885705+00:00,ETHUSDT,0,0,0
2025-12-14T06:50:57.639635+00:00,BTCUSDT,0,0,0
2025-12-14T06:50:57.639635+00:00,ETHUSDT,0,0,0
2025-12-14T06:51:09.550003+00:00,BTCUSDT,0,0,0
2025-12-14T06:51:09.550003+00:00,ETHUSDT,0,0,0
2025-12-14T06:51:21.281881+00:00,BTCUSDT,0,0,0
2025-12-14T06:51:21.281881+00:00,ETHUSDT,0,0,0
2025-12-14T06:51:33.158248+00:00,BTCUSDT,0,0,0
2025-12-14T06:51:33.158248+00:00,ETHUSDT,0,0,0
2025-12-14T06:51:44.917042+00:00,BTCUSDT,0,0,0
2025-12-14T06:51:44.917042+00:00,ETHUSDT,0,0,0
2025-12-14T06:51:56.657895+00:00,BTCUSDT,0,0,0
2025-12-14T06:51:56.657895+00:00,ETHUSDT,0,0,0
2025-12-14T06:52:08.400945+00:00,BTCUSDT,0,0,0
2025-12-14T06:52:08.400945+00:00,ETHUSDT,0,0,0
2025-12-14T06:52:20.158348+00:00,BTCUSDT,0,0,0
2025-12-14T06:52:20.158348+00:00,ETHUSDT,0,0,0
2025-12-14T06:52:31.916589+00:00,BTCUSDT,0,0,0
2025-12-14T06:52:31.916589+00:00,ETHUSDT,0,0,0
2025-12-14T06:52:43.813587+00:00,BTCUSDT,0,0,0
2025-12-14T06:52:43.813587+00:00,ETHUSDT,0,0,0
2025-12-14T06:52:55.715497+00:00,BTCUSDT,0,0,0
2025-12-14T06:52:55.715497+00:00,ETHUSDT,0,0,0
2025-12-14T06:53:07.478470+00:00,BTCUSDT,0,0,0
2025-12-14T06:53:07.478470+00:00,ETHUSDT,0,0,0
2025-12-14T06:53:19.402667+00:00,BTCUSDT,0,0,0
2025-12-14T06:53:19.402667+00:00,ETHUSDT,0,0,0
2025-12-14T06:53:31.149892+00:00,BTCUSDT,0,0,0
2025-12-14T06:53:31.149892+00:00,ETHUSDT,0,0,0
2025-12-14T06:53:42.895942+00:00,BTCUSDT,0,0,0
2025-12-14T06:53:42.895942+00:00,ETHUSDT,0,1,0
2025-12-14T06:53:54.640011+00:00,BTCUSDT,0,0,0
2025-12-14T06:53:54.640011+00:00,ETHUSDT,0,0,0
2025-12-14T06:54:06.714586+00:00,BTCUSDT,0,0,0
2025-12-14T06:54:06.714586+00:00,ETHUSDT,0,0,0
2025-12-14T06:54:18.467445+00:00,BTCUSDT,0,0,0
2025-12-14T06:54:18.467445+00:00,ETHUSDT,0,0,0
2025-12-14T06:54:30.249414+00:00,BTCUSDT,0,0,0
2025-12-14T06:54:30.249414+00:00,ETHUSDT,0,0,0
2025-12-14T06:54:42.174036+00:00,BTCUSDT,0,0,0
2025-12-14T06:54:42.174036+00:00,ETHUSDT,0,0,0
2025-12-14T06:54:53.931742+00:00,BTCUSDT,0,0,0
2025-12-14T06:54:53.931742+00:00,ETHUSDT,0,0,0
2025-12-14T06:55:05.680279+00:00,BTCUSDT,0,1,0
2025-12-14T06:55:05.680279+00:00,ETHUSDT,0,0,0
2025-12-14T06:55:17.582002+00:00,BTCUSDT,0,1,0
2025-12-14T06:55:17.582002+00:00,ETHUSDT,0,0,0
2025-12-14T06:55:29.322444+00:00,BTCUSDT,0,1,0
2025-12-14T06:55:29.322444+00:00,ETHUSDT,0,1,0
2025-12-14T06:55:41.063565+00:00,BTCUSDT,0,1,0
2025-12-14T06:55:41.063565+00:00,ETHUSDT,0,1,0
2025-12-14T06:55:52.819174+00:00,BTCUSDT,0,1,0
2025-12-14T06:55:52.819174+00:00,ETHUSDT,0,1,0
2025-12-14T06:56:04.762046+00:00,BTCUSDT,0,1,0
2025-12-14T06:56:04.762046+00:00,ETHUSDT,0,1,0
2025-12-14T06:56:16.556838+00:00,BTCUSDT,0,1,0
2025-12-14T06:56:16.556838+00:00,ETHUSDT,0,1,0
2025-12-14T06:56:28.462098+00:00,BTCUSDT,0,1,0
2025-12-14T06:56:28.462098+00:00,ETHUSDT,0,1,0
2025-12-14T06:56:40.221551+00:00,BTCUSDT,0,1,0
2025-12-14T06:56:40.221551+00:00,ETHUSDT,0,1,0
2025-12-14T06:56:52.163428+00:00,BTCUSDT,0,1,0
2025-12-14T06:56:52.163428+00:00,ETHUSDT,0,0,0
2025-12-14T06:57:03.915091+00:00,BTCUSDT,0,1,0
2025-12-14T06:57:03.915091+00:00,ETHUSDT,0,1,0
2025-12-14T06:57:15.830466+00:00,BTCUSDT,0,1,0
2025-12-14T06:57:15.830466+00:00,ETHUSDT,0,1,0
2025-12-14T06:57:27.576932+00:00,BTCUSDT,0,1,0
2025-12-14T06:57:27.576932+00:00,ETHUSDT,0,1,0
2025-12-14T06:57:39.519458+00:00,BTCUSDT,0,1,0
2025-12-14T06:57:39.519458+00:00,ETHUSDT,0,1,0
2025-12-14T06:57:51.276217+00:00,BTCUSDT,0,1,0
2025-12-14T06:57:51.276217+00:00,ETHUSDT,0,1,0
2025-12-14T06:58:03.028795+00:00,BTCUSDT,0,1,0
2025-12-14T06:58:03.028795+00:00,ETHUSDT,0,1,0
2025-12-14T06:58:14.818667+00:00,BTCUSDT,0,1,0
2025-12-14T06:58:14.818667+00:00,ETHUSDT,0,1,0
2025-12-14T06:58:26.881417+00:00,BTCUSDT,0,1,0
2025-12-14T06:58:26.881417+00:00,ETHUSDT,0,1,0
2025-12-14T06:58:38.634599+00:00,BTCUSDT,0,1,0
2025-12-14T06:58:38.634599+00:00,ETHUSDT,0,1,0
2025-12-14T06:58:50.365505+00:00,BTCUSDT,0,0,0
2025-12-14T06:58:50.365505+00:00,ETHUSDT,0,0,0
2025-12-14T06:59:02.285620+00:00,BTCUSDT,0,0,0
2025-12-14T06:59:02.285620+00:00,ETHUSDT,0,0,0
2025-12-14T06:59:14.463897+00:00,BTCUSDT,0,0,0
2025-12-14T06:59:14.463897+00:00,ETHUSDT,0,0,0
2025-12-14T06:59:26.224582+00:00,BTCUSDT,0,0,0
2025-12-14T06:59:26.224582+00:00,ETHUSDT,0,0,0
2025-12-14T06:59:38.143541+00:00,BTCUSDT,0,0,0
2025-12-14T06:59:38.143541+00:00,ETHUSDT,0,0,0
2025-12-14T06:59:49.917789+00:00,BTCUSDT,0,0,0
2025-12-14T06:59:49.917789+00:00,ETHUSDT,0,0,0
2025-12-14T07:00:01.658199+00:00,BTCUSDT,0,0,0
2025-12-14T07:00:01.658199+00:00,ETHUSDT,0,0,0
2025-12-14T07:00:13.415719+00:00,BTCUSDT,0,0,0
2025-12-14T07:00:13.415719+00:00,ETHUSDT,0,0,0
2025-12-14T07:00:25.248645+00:00,BTCUSDT,0,0,0
2025-12-14T07:00:25.248645+00:00,ETHUSDT,0,0,0
2025-12-14T07:00:37.152184+00:00,BTCUSDT,0,0,0
2025-12-14T07:00:37.152184+00:00,ETHUSDT,0,0,0
2025-12-14T07:00:48.918318+00:00,BTCUSDT,0,0,0
2025-12-14T07:00:48.918318+00:00,ETHUSDT,0,0,0
2025-12-14T07:01:00.846108+00:00,BTCUSDT,0,0,0
2025-12-14T07:01:00.846108+00:00,ETHUSDT,0,0,0
2025-12-14T07:01:12.607745+00:00,BTCUSDT,0,0,0
2025-12-14T07:01:12.607745+00:00,ETHUSDT,0,0,0
2025-12-14T07:01:24.371614+00:00,BTCUSDT,0,0,0
2025-12-14T07:01:24.371614+00:00,ETHUSDT,0,0,0
2025-12-14T07:01:36.130543+00:00,BTCUSDT,0,0,0
2025-12-14T07:01:36.130543+00:00,ETHUSDT,0,0,0
2025-12-14T07:01:48.056568+00:00,BTCUSDT,0,0,0
2025-12-14T07:01:48.056568+00:00,ETHUSDT,0,0,0
2025-12-14T07:01:59.805571+00:00,BTCUSDT,0,0,0
2025-12-14T07:01:59.805571+00:00,ETHUSDT,0,0,0
2025-12-14T07:02:11.549980+00:00,BTCUSDT,0,0,0
2025-12-14T07:02:11.549980+00:00,ETHUSDT,0,0,0
2025-12-14T07:02:23.448982+00:00,BTCUSDT,0,0,0
2025-12-14T07:02:23.448982+00:00,ETHUSDT,0,0,0
2025-12-14T07:02:35.214906+00:00,BTCUSDT,0,0,0
2025-12-14T07:02:35.214906+00:00,ETHUSDT,0,0,0
2025-12-14T07:02:47.107603+00:00,BTCUSDT,0,0,0
2025-12-14T07:02:47.107603+00:00,ETHUSDT,0,0,0
2025-12-14T07:02:58.850828+00:00,BTCUSDT,0,0,0
2025-12-14T07:02:58.850828+00:00,ETHUSDT,0,0,0
2025-12-14T07:03:10.754951+00:00,BTCUSDT,0,0,0
2025-12-14T07:03:10.754951+00:00,ETHUSDT,0,0,0
2025-12-14T07:03:22.532997+00:00,BTCUSDT,0,0,0
2025-12-14T07:03:22.532997+00:00,ETHUSDT,0,0,0
2025-12-14T07:03:34.460588+00:00,BTCUSDT,0,0,0
2025-12-14T07:03:34.460588+00:00,ETHUSDT,0,0,0
2025-12-14T07:03:46.215574+00:00,BTCUSDT,0,0,0
2025-12-14T07:03:46.215574+00:00,ETHUSDT,0,0,0
2025-12-14T07:03:58.126936+00:00,BTCUSDT,0,0,0
2025-12-14T07:03:58.126936+00:00,ETHUSDT,0,0,0
2025-12-14T07:04:09.898994+00:00,BTCUSDT,0,0,0
2025-12-14T07:04:09.898994+00:00,ETHUSDT,0,1,0
2025-12-14T07:04:21.661499+00:00,BTCUSDT,0,0,0
2025-12-14T07:04:21.661499+00:00,ETHUSDT,0,1,0
2025-12-14T07:04:33.436258+00:00,BTCUSDT,0,0,0
2025-12-14T07:04:33.436258+00:00,ETHUSDT,0,1,0
2025-12-14T07:04:45.363926+00:00,BTCUSDT,0,0,0
2025-12-14T07:04:45.363926+00:00,ETHUSDT,0,1,0
2025-12-14T07:04:57.123422+00:00,BTCUSDT,0,0,0
2025-12-14T07:04:57.123422+00:00,ETHUSDT,0,1,0
2025-12-14T07:05:09.046887+00:00,BTCUSDT,0,0,0
2025-12-14T07:05:09.046887+00:00,ETHUSDT,0,1,0
2025-12-14T07:05:20.808849+00:00,BTCUSDT,0,0,0
2025-12-14T07:05:20.808849+00:00,ETHUSDT,0,1,0
2025-12-14T07:05:32.562041+00:00,BTCUSDT,0,0,0
2025-12-14T07:05:32.562041+00:00,ETHUSDT,0,1,0
2025-12-14T07:05:44.304924+00:00,BTCUSDT,0,0,0
2025-12-14T07:05:44.304924+00:00,ETHUSDT,0,1,0
2025-12-14T07:05:56.210307+00:00,BTCUSDT,0,0,0
2025-12-14T07:05:56.210307+00:00,ETHUSDT,0,1,0
2025-12-14T07:06:07.960429+00:00,BTCUSDT,0,0,0
2025-12-14T07:06:07.960429+00:00,ETHUSDT,0,1,0
2025-12-14T07:06:19.889259+00:00,BTCUSDT,0,0,0
2025-12-14T07:06:19.889259+00:00,ETHUSDT,0,1,0
2025-12-14T07:06:31.641287+00:00,BTCUSDT,0,0,0
2025-12-14T07:06:31.641287+00:00,ETHUSDT,0,1,0
2025-12-14T07:06:43.404656+00:00,BTCUSDT,0,1,0
2025-12-14T07:06:43.404656+00:00,ETHUSDT,0,1,0
2025-12-14T07:06:55.150975+00:00,BTCUSDT,0,1,0
2025-12-14T07:06:55.150975+00:00,ETHUSDT,0,1,0
2025-12-14T07:07:07.084254+00:00,BTCUSDT,0,1,0
2025-12-14T07:07:07.084254+00:00,ETHUSDT,0,1,0
2025-12-14T07:07:18.852680+00:00,BTCUSDT,0,1,0
2025-12-14T07:07:18.852680+00:00,ETHUSDT,0,1,0
2025-12-14T07:07:30.622240+00:00,BTCUSDT,0,1,0
2025-12-14T07:07:30.622240+00:00,ETHUSDT,0,1,0
2025-12-14T07:07:42.362080+00:00,BTCUSDT,0,1,0
2025-12-14T07:07:42.362080+00:00,ETHUSDT,0,1,0
2025-12-14T07:07:54.280403+00:00,BTCUSDT,0,0,0
2025-12-14T07:07:54.280403+00:00,ETHUSDT,0,1,0
2025-12-14T07:08:06.191012+00:00,BTCUSDT,0,0,0
2025-12-14T07:08:06.191012+00:00,ETHUSDT,0,1,0
2025-12-14T07:08:17.945936+00:00,BTCUSDT,0,0,0
2025-12-14T07:08:17.945936+00:00,ETHUSDT,0,1,0
2025-12-14T07:08:29.887723+00:00,BTCUSDT,0,0,0
2025-12-14T07:08:29.887723+00:00,ETHUSDT,0,0,0
2025-12-14T07:08:41.675689+00:00,BTCUSDT,0,0,0
2025-12-14T07:08:41.675689+00:00,ETHUSDT,0,0,0
2025-12-14T07:08:53.429991+00:00,BTCUSDT,0,0,0
2025-12-14T07:08:53.429991+00:00,ETHUSDT,0,0,0
2025-12-14T07:09:05.221256+00:00,BTCUSDT,0,0,0
2025-12-14T07:09:05.221256+00:00,ETHUSDT,0,0,0
2025-12-14T07:09:17.289270+00:00,BTCUSDT,0,0,0
2025-12-14T07:09:17.289270+00:00,ETHUSDT,0,0,0
2025-12-14T07:09:29.067786+00:00,BTCUSDT,0,0,0
2025-12-14T07:09:29.067786+00:00,ETHUSDT,0,0,0
2025-12-14T07:09:40.839679+00:00,BTCUSDT,0,0,0
2025-12-14T07:09:40.839679+00:00,ETHUSDT,0,0,0
2025-12-14T07:09:52.740820+00:00,BTCUSDT,0,0,0
2025-12-14T07:09:52.740820+00:00,ETHUSDT,0,0,0
2025-12-14T07:10:04.475375+00:00,BTCUSDT,0,0,0
2025-12-14T07:10:04.475375+00:00,ETHUSDT,0,0,0
2025-12-14T07:10:16.213879+00:00,BTCUSDT,0,0,0
2025-12-14T07:10:16.213879+00:00,ETHUSDT,0,0,0
2025-12-14T07:10:29.122875+00:00,BTCUSDT,0,0,0
2025-12-14T07:10:29.122875+00:00,ETHUSDT,0,0,0
2025-12-14T07:10:41.014817+00:00,BTCUSDT,0,0,0
2025-12-14T07:10:41.014817+00:00,ETHUSDT,0,0,0
2025-12-14T07:10:52.763757+00:00,BTCUSDT,0,0,0
2025-12-14T07:10:52.763757+00:00,ETHUSDT,0,0,0
2025-12-14T07:11:04.955414+00:00,BTCUSDT,0,0,0
2025-12-14T07:11:04.955414+00:00,ETHUSDT,0,0,0
2025-12-14T07:11:16.883691+00:00,BTCUSDT,0,0,0
2025-12-14T07:11:16.883691+00:00,ETHUSDT,0,0,0
2025-12-14T07:11:28.652751+00:00,BTCUSDT,0,0,0
2025-12-14T07:11:28.652751+00:00,ETHUSDT,0,0,0
2025-12-14T07:11:40.550974+00:00,BTCUSDT,0,0,0
2025-12-14T07:11:40.550974+00:00,ETHUSDT,0,0,0
2025-12-14T07:11:52.318039+00:00,BTCUSDT,0,0,0
2025-12-14T07:11:52.318039+00:00,ETHUSDT,0,0,0
2025-12-14T07:12:04.088722+00:00,BTCUSDT,0,0,0
2025-12-14T07:12:04.088722+00:00,ETHUSDT,0,0,0
2025-12-14T07:12:15.838226+00:00,BTCUSDT,0,0,0
2025-12-14T07:12:15.838226+00:00,ETHUSDT,0,0,0
2025-12-14T07:12:27.599658+00:00,BTCUSDT,0,0,0
2025-12-14T07:12:27.599658+00:00,ETHUSDT,0,0,0
2025-12-14T07:12:39.367603+00:00,BTCUSDT,0,0,0
2025-12-14T07:12:39.367603+00:00,ETHUSDT,0,0,0
2025-12-14T07:12:51.175622+00:00,BTCUSDT,0,0,0
2025-12-14T07:12:51.175622+00:00,ETHUSDT,0,0,0
2025-12-14T07:13:02.948669+00:00,BTCUSDT,0,0,0
2025-12-14T07:13:02.948669+00:00,ETHUSDT,0,0,0
2025-12-14T07:13:14.699933+00:00,BTCUSDT,0,0,0
2025-12-14T07:13:14.699933+00:00,ETHUSDT,0,0,0
2025-12-14T07:13:26.905899+00:00,BTCUSDT,0,0,0
2025-12-14T07:13:26.905899+00:00,ETHUSDT,0,0,0
2025-12-14T07:13:38.635181+00:00,BTCUSDT,0,0,0
2025-12-14T07:13:38.635181+00:00,ETHUSDT,0,0,0
2025-12-14T07:13:50.387507+00:00,BTCUSDT,0,0,0
2025-12-14T07:13:50.387507+00:00,ETHUSDT,0,0,0
2025-12-14T07:14:02.148559+00:00,BTCUSDT,0,0,0
2025-12-14T07:14:02.148559+00:00,ETHUSDT,0,0,0
2025-12-14T07:14:13.906403+00:00,BTCUSDT,0,0,0
2025-12-14T07:14:13.906403+00:00,ETHUSDT,0,0,0
2025-12-14T07:14:25.675046+00:00,BTCUSDT,0,0,0
2025-12-14T07:14:25.675046+00:00,ETHUSDT,0,0,0
2025-12-14T07:14:37.505724+00:00,BTCUSDT,0,0,0
2025-12-14T07:14:37.505724+00:00,ETHUSDT,0,0,0
2025-12-14T07:14:49.425328+00:00,BTCUSDT,0,0,0
2025-12-14T07:14:49.425328+00:00,ETHUSDT,0,0,0
2025-12-14T07:15:01.202059+00:00,BTCUSDT,0,0,0
2025-12-14T07:15:01.202059+00:00,ETHUSDT,0,0,0
2025-12-14T07:15:13.415394+00:00,BTCUSDT,0,0,0
2025-12-14T07:15:13.415394+00:00,ETHUSDT,0,0,0
2025-12-14T07:15:25.157478+00:00,BTCUSDT,0,0,0
2025-12-14T07:15:25.157478+00:00,ETHUSDT,0,0,0
2025-12-14T07:15:37.097088+00:00,BTCUSDT,0,0,0
2025-12-14T07:15:37.097088+00:00,ETHUSDT,0,0,0
2025-12-14T07:15:48.840348+00:00,BTCUSDT,0,0,0
2025-12-14T07:15:48.840348+00:00,ETHUSDT,0,0,0
2025-12-14T07:16:00.741549+00:00,BTCUSDT,0,0,0
2025-12-14T07:16:00.741549+00:00,ETHUSDT,0,0,0
2025-12-14T07:16:12.497889+00:00,BTCUSDT,0,0,0
2025-12-14T07:16:12.497889+00:00,ETHUSDT,0,0,0
2025-12-14T07:16:24.300361+00:00,BTCUSDT,0,0,0
2025-12-14T07:16:24.300361+00:00,ETHUSDT,0,0,0
2025-12-14T07:16:36.095577+00:00,BTCUSDT,0,0,0
2025-12-14T07:16:36.095577+00:00,ETHUSDT,0,0,0
2025-12-14T07:16:48.067833+00:00,BTCUSDT,0,0,0
2025-12-14T07:16:48.067833+00:00,ETHUSDT,0,0,0
2025-12-14T07:16:59.871155+00:00,BTCUSDT,0,0,0
2025-12-14T07:16:59.871155+00:00,ETHUSDT,0,0,0
2025-12-14T07:17:11.658961+00:00,BTCUSDT,0,0,0
2025-12-14T07:17:11.658961+00:00,ETHUSDT,0,0,0
2025-12-14T07:17:23.410296+00:00,BTCUSDT,0,0,0
2025-12-14T07:17:23.410296+00:00,ETHUSDT,0,0,0
2025-12-14T07:17:35.318997+00:00,BTCUSDT,0,0,0
2025-12-14T07:17:35.318997+00:00,ETHUSDT,0,0,0
2025-12-14T07:17:47.254519+00:00,BTCUSDT,0,0,0
2025-12-14T07:17:47.254519+00:00,ETHUSDT,0,0,0
2025-12-14T07:17:59.008767+00:00,BTCUSDT,0,0,0
2025-12-14T07:17:59.008767+00:00,ETHUSDT,0,0,0
2025-12-14T07:18:10.924167+00:00,BTCUSDT,0,1,0
2025-12-14T07:18:10.924167+00:00,ETHUSDT,0,0,0
2025-12-14T07:18:22.693283+00:00,BTCUSDT,0,1,0
2025-12-14T07:18:22.693283+00:00,ETHUSDT,0,0,0
2025-12-14T07:18:34.536611+00:00,BTCUSDT,0,1,0
2025-12-14T07:18:34.536611+00:00,ETHUSDT,0,0,0
2025-12-14T07:18:46.281215+00:00,BTCUSDT,0,1,0
2025-12-14T07:18:46.281215+00:00,ETHUSDT,0,1,0
2025-12-14T07:18:58.372071+00:00,BTCUSDT,0,1,0
2025-12-14T07:18:58.372071+00:00,ETHUSDT,0,1,0
2025-12-14T07:19:10.129586+00:00,BTCUSDT,0,1,0
2025-12-14T07:19:10.129586+00:00,ETHUSDT,0,1,0
2025-12-14T07:19:21.891599+00:00,BTCUSDT,0,1,0
2025-12-14T07:19:21.891599+00:00,ETHUSDT,0,1,0
2025-12-14T07:19:33.832052+00:00,BTCUSDT,0,1,0
2025-12-14T07:19:33.832052+00:00,ETHUSDT,0,1,0
2025-12-14T07:19:45.615240+00:00,BTCUSDT,0,1,0
2025-12-14T07:19:45.615240+00:00,ETHUSDT,0,1,0
2025-12-14T07:19:57.381978+00:00,BTCUSDT,0,1,0
2025-12-14T07:19:57.381978+00:00,ETHUSDT,0,1,0
2025-12-14T07:20:09.317362+00:00,BTCUSDT,0,1,0
2025-12-14T07:20:09.317362+00:00,ETHUSDT,0,1,0
2025-12-14T07:20:21.257802+00:00,BTCUSDT,0,1,0
2025-12-14T07:20:21.257802+00:00,ETHUSDT,0,1,0
2025-12-14T07:20:33.042838+00:00,BTCUSDT,0,1,0
2025-12-14T07:20:33.042838+00:00,ETHUSDT,0,1,0
2025-12-14T07:20:44.811072+00:00,BTCUSDT,0,1,0
2025-12-14T07:20:44.811072+00:00,ETHUSDT,0,1,0
2025-12-14T07:20:56.725995+00:00,BTCUSDT,0,1,0
2025-12-14T07:20:56.725995+00:00,ETHUSDT,0,1,0
2025-12-14T07:21:08.497045+00:00,BTCUSDT,0,1,0
2025-12-14T07:21:08.497045+00:00,ETHUSDT,0,1,0
2025-12-14T07:21:20.415065+00:00,BTCUSDT,0,1,0
2025-12-14T07:21:20.415065+00:00,ETHUSDT,0,1,0
2025-12-14T07:21:32.239272+00:00,BTCUSDT,0,1,0
2025-12-14T07:21:32.239272+00:00,ETHUSDT,0,1,0
2025-12-14T07:21:44.154833+00:00,BTCUSDT,0,1,0
2025-12-14T07:21:44.154833+00:00,ETHUSDT,0,1,0
