timestamp,pair,price
2025-12-14T04:58:56.599634+00:00,BTCUSDT,90201.49
2025-12-14T04:58:56.599634+00:00,ETHUSDT,3110.36
2025-12-14T04:59:08.282618+00:00,BTCUSDT,90201.5
2025-12-14T04:59:08.282618+00:00,ETHUSDT,3110.82
2025-12-14T04:59:20.159599+00:00,BTCUSDT,90201.49
2025-12-14T04:59:20.159599+00:00,ETHUSDT,3110.83
2025-12-14T04:59:31.850428+00:00,BTCUSDT,90201.49
2025-12-14T04:59:31.850428+00:00,ETHUSDT,3110.95
2025-12-14T04:59:43.699852+00:00,BTCUSDT,90201.49
2025-12-14T04:59:43.699852+00:00,ETHUSDT,3111.07
2025-12-14T04:59:55.387933+00:00,BTCUSDT,90201.49
2025-12-14T04:59:55.387933+00:00,ETHUSDT,3111.31
2025-12-14T05:00:07.700383+00:00,BTCUSDT,90165.74
2025-12-14T05:00:07.700383+00:00,ETHUSDT,3109.64
2025-12-14T05:00:19.561087+00:00,BTCUSDT,90127.04
2025-12-14T05:00:19.561087+00:00,ETHUSDT,3108.96
2025-12-14T05:00:31.250549+00:00,BTCUSDT,90127.04
2025-12-14T05:00:31.250549+00:00,ETHUSDT,3109.18
2025-12-14T05:00:42.937613+00:00,BTCUSDT,90157.04
2025-12-14T05:00:42.937613+00:00,ETHUSDT,3110.08
2025-12-14T05:00:54.795217+00:00,BTCUSDT,90157.03
2025-12-14T05:00:54.795217+00:00,ETHUSDT,3110.07
2025-12-14T05:01:06.486184+00:00,BTCUSDT,90157.04
2025-12-14T05:01:06.486184+00:00,ETHUSDT,3110.35
2025-12-14T05:01:18.338389+00:00,BTCUSDT,90168.34
2025-12-14T05:01:18.338389+00:00,ETHUSDT,3111.29
2025-12-14T05:01:30.027258+00:00,BTCUSDT,90168.35
2025-12-14T05:01:30.027258+00:00,ETHUSDT,3111.29
2025-12-14T05:01:41.724173+00:00,BTCUSDT,90168.34
2025-12-14T05:01:41.724173+00:00,ETHUSDT,3111.3
2025-12-14T05:01:53.413012+00:00,BTCUSDT,90168.35
2025-12-14T05:01:53.413012+00:00,ETHUSDT,3111.29
2025-12-14T05:02:05.097368+00:00,BTCUSDT,90168.35
2025-12-14T05:02:05.097368+00:00,ETHUSDT,3111.32
2025-12-14T05:02:16.783526+00:00,BTCUSDT,90168.35
2025-12-14T05:02:16.783526+00:00,ETHUSDT,3111.33
2025-12-14T05:02:28.471481+00:00,BTCUSDT,90168.35
2025-12-14T05:02:28.471481+00:00,ETHUSDT,3111.05
2025-12-14T05:02:40.160373+00:00,BTCUSDT,90168.35
2025-12-14T05:02:40.160373+00:00,ETHUSDT,3111.04
2025-12-14T05:02:51.854934+00:00,BTCUSDT,90168.34
2025-12-14T05:02:51.854934+00:00,ETHUSDT,3111.05
2025-12-14T05:03:04.023645+00:00,BTCUSDT,90168.34
2025-12-14T05:03:04.023645+00:00,ETHUSDT,3111.05
2025-12-14T05:03:15.707552+00:00,BTCUSDT,90168.34
2025-12-14T05:03:15.707552+00:00,ETHUSDT,3111.04
2025-12-14T05:03:27.390383+00:00,BTCUSDT,90168.34
2025-12-14T05:03:27.390383+00:00,ETHUSDT,3111.08
2025-12-14T05:03:39.074518+00:00,BTCUSDT,90168.35
2025-12-14T05:03:39.074518+00:00,ETHUSDT,3111.62
2025-12-14T05:03:50.766199+00:00,BTCUSDT,90168.34
2025-12-14T05:03:50.766199+00:00,ETHUSDT,3111.63
2025-12-14T05:04:02.457908+00:00,BTCUSDT,90168.34
2025-12-14T05:04:02.457908+00:00,ETHUSDT,3111.62
2025-12-14T05:04:14.150081+00:00,BTCUSDT,90168.34
2025-12-14T05:04:14.150081+00:00,ETHUSDT,3111.63
2025-12-14T05:04:26.072263+00:00,BTCUSDT,90168.34
2025-12-14T05:04:26.072263+00:00,ETHUSDT,3111.62
2025-12-14T05:04:37.815694+00:00,BTCUSDT,90168.34
2025-12-14T05:04:37.815694+00:00,ETHUSDT,3111.63
2025-12-14T05:04:49.564567+00:00,BTCUSDT,90174.0
2025-12-14T05:04:49.564567+00:00,ETHUSDT,3111.99
2025-12-14T05:05:01.318581+00:00,BTCUSDT,90174.0
2025-12-14T05:05:01.318581+00:00,ETHUSDT,3112.19
2025-12-14T05:05:13.205558+00:00,BTCUSDT,90174.0
2025-12-14T05:05:13.205558+00:00,ETHUSDT,3112.18
2025-12-14T05:05:24.966882+00:00,BTCUSDT,90175.25
2025-12-14T05:05:24.966882+00:00,ETHUSDT,3112.52
2025-12-14T05:05:36.863767+00:00,BTCUSDT,90175.25
2025-12-14T05:05:36.863767+00:00,ETHUSDT,3112.51
2025-12-14T05:05:48.611238+00:00,BTCUSDT,90175.25
2025-12-14T05:05:48.611238+00:00,ETHUSDT,3113.11
2025-12-14T05:06:00.346031+00:00,BTCUSDT,90175.25
2025-12-14T05:06:00.346031+00:00,ETHUSDT,3112.76
2025-12-14T05:06:12.106962+00:00,BTCUSDT,90180.97
2025-12-14T05:06:12.106962+00:00,ETHUSDT,3112.0
2025-12-14T05:06:23.848831+00:00,BTCUSDT,90180.98
2025-12-14T05:06:23.848831+00:00,ETHUSDT,3112.01
2025-12-14T05:06:35.624806+00:00,BTCUSDT,90180.97
2025-12-14T05:06:35.624806+00:00,ETHUSDT,3112.62
2025-12-14T05:06:47.399270+00:00,BTCUSDT,90184.22
2025-12-14T05:06:47.399270+00:00,ETHUSDT,3112.63
2025-12-14T05:06:59.152185+00:00,BTCUSDT,90184.22
2025-12-14T05:06:59.152185+00:00,ETHUSDT,3112.63
2025-12-14T05:07:11.073269+00:00,BTCUSDT,90184.22
2025-12-14T05:07:11.073269+00:00,ETHUSDT,3111.22
2025-12-14T05:07:22.971653+00:00,BTCUSDT,90175.25
2025-12-14T05:07:22.971653+00:00,ETHUSDT,3110.11
2025-12-14T05:07:35.234239+00:00,BTCUSDT,90175.25
2025-12-14T05:07:35.234239+00:00,ETHUSDT,3112.08
2025-12-14T05:07:47.145929+00:00,BTCUSDT,90175.25
2025-12-14T05:07:47.145929+00:00,ETHUSDT,3110.25
2025-12-14T05:07:58.905196+00:00,BTCUSDT,90134.37
2025-12-14T05:07:58.905196+00:00,ETHUSDT,3109.05
2025-12-14T05:08:09.069536+00:00,BTCUSDT,90134.36
2025-12-14T05:08:09.069536+00:00,ETHUSDT,3109.36
2025-12-14T05:08:10.687054+00:00,BTCUSDT,90134.36
2025-12-14T05:08:10.687054+00:00,ETHUSDT,3109.35
2025-12-14T05:08:20.800405+00:00,BTCUSDT,90134.36
2025-12-14T05:08:20.800405+00:00,ETHUSDT,3108.93
2025-12-14T05:08:22.442515+00:00,BTCUSDT,90134.37
2025-12-14T05:08:22.442515+00:00,ETHUSDT,3109.18
2025-12-14T05:08:32.878581+00:00,BTCUSDT,90134.36
2025-12-14T05:08:32.878581+00:00,ETHUSDT,3109.42
2025-12-14T05:08:34.207960+00:00,BTCUSDT,90134.37
2025-12-14T05:08:34.207960+00:00,ETHUSDT,3109.42
2025-12-14T05:08:44.601924+00:00,BTCUSDT,90134.37
2025-12-14T05:08:44.601924+00:00,ETHUSDT,3109.05
2025-12-14T05:08:45.957119+00:00,BTCUSDT,90134.37
2025-12-14T05:08:45.957119+00:00,ETHUSDT,3109.05
2025-12-14T05:08:56.339148+00:00,BTCUSDT,90134.37
2025-12-14T05:08:56.339148+00:00,ETHUSDT,3109.05
2025-12-14T05:08:57.714415+00:00,BTCUSDT,90134.37
2025-12-14T05:08:57.714415+00:00,ETHUSDT,3109.05
2025-12-14T05:09:13.098883+00:00,BTCUSDT,90134.39
2025-12-14T05:09:13.098883+00:00,ETHUSDT,3108.8
2025-12-14T05:09:24.840038+00:00,BTCUSDT,90134.4
2025-12-14T05:09:24.840038+00:00,ETHUSDT,3108.19
2025-12-14T05:09:36.597090+00:00,BTCUSDT,90134.39
2025-12-14T05:09:36.597090+00:00,ETHUSDT,3108.44
2025-12-14T05:09:48.516281+00:00,BTCUSDT,90134.39
2025-12-14T05:09:48.516281+00:00,ETHUSDT,3108.8
2025-12-14T05:10:00.257190+00:00,BTCUSDT,90138.76
2025-12-14T05:10:00.257190+00:00,ETHUSDT,3108.8
2025-12-14T05:10:12.012752+00:00,BTCUSDT,90132.57
2025-12-14T05:10:12.012752+00:00,ETHUSDT,3108.79
2025-12-14T05:10:23.930550+00:00,BTCUSDT,90132.58
2025-12-14T05:10:23.930550+00:00,ETHUSDT,3109.02
2025-12-14T05:10:35.694090+00:00,BTCUSDT,90132.58
2025-12-14T05:10:35.694090+00:00,ETHUSDT,3109.03
2025-12-14T05:10:47.448500+00:00,BTCUSDT,90132.58
2025-12-14T05:10:47.448500+00:00,ETHUSDT,3108.6
2025-12-14T05:10:59.372702+00:00,BTCUSDT,90132.56
2025-12-14T05:10:59.372702+00:00,ETHUSDT,3108.17
2025-12-14T05:11:11.141012+00:00,BTCUSDT,90126.11
2025-12-14T05:11:11.141012+00:00,ETHUSDT,3108.27
2025-12-14T05:11:23.080350+00:00,BTCUSDT,90126.11
2025-12-14T05:11:23.080350+00:00,ETHUSDT,3108.44
2025-12-14T05:11:34.901349+00:00,BTCUSDT,90126.11
2025-12-14T05:11:34.901349+00:00,ETHUSDT,3108.68
2025-12-14T05:11:46.805466+00:00,BTCUSDT,90126.11
2025-12-14T05:11:46.805466+00:00,ETHUSDT,3108.67
2025-12-14T05:11:58.550239+00:00,BTCUSDT,90126.11
2025-12-14T05:11:58.550239+00:00,ETHUSDT,3109.39
2025-12-14T05:12:10.474232+00:00,BTCUSDT,90127.56
2025-12-14T05:12:10.474232+00:00,ETHUSDT,3109.16
2025-12-14T05:12:22.265967+00:00,BTCUSDT,90127.57
2025-12-14T05:12:22.265967+00:00,ETHUSDT,3109.05
2025-12-14T05:12:34.232954+00:00,BTCUSDT,90118.01
2025-12-14T05:12:34.232954+00:00,ETHUSDT,3108.76
2025-12-14T05:12:45.982250+00:00,BTCUSDT,90111.02
2025-12-14T05:12:45.982250+00:00,ETHUSDT,3108.2
2025-12-14T05:12:57.905790+00:00,BTCUSDT,90111.01
2025-12-14T05:12:57.905790+00:00,ETHUSDT,3108.34
2025-12-14T05:13:09.648136+00:00,BTCUSDT,90111.0
2025-12-14T05:13:09.648136+00:00,ETHUSDT,3109.28
2025-12-14T05:13:21.414788+00:00,BTCUSDT,90111.0
2025-12-14T05:13:21.414788+00:00,ETHUSDT,3109.77
2025-12-14T05:13:33.638546+00:00,BTCUSDT,90115.53
2025-12-14T05:13:33.638546+00:00,ETHUSDT,3109.78
2025-12-14T05:13:45.547165+00:00,BTCUSDT,90120.0
2025-12-14T05:13:45.547165+00:00,ETHUSDT,3110.01
2025-12-14T05:13:57.312275+00:00,BTCUSDT,90119.99
2025-12-14T05:13:57.312275+00:00,ETHUSDT,3109.59
2025-12-14T05:14:09.217147+00:00,BTCUSDT,90136.66
2025-12-14T05:14:09.217147+00:00,ETHUSDT,3109.92
2025-12-14T05:14:20.959047+00:00,BTCUSDT,90136.67
2025-12-14T05:14:20.959047+00:00,ETHUSDT,3110.12
2025-12-14T05:14:32.735384+00:00,BTCUSDT,90136.66
2025-12-14T05:14:32.735384+00:00,ETHUSDT,3110.12
2025-12-14T05:14:44.944821+00:00,BTCUSDT,90157.34
2025-12-14T05:14:44.944821+00:00,ETHUSDT,3109.04
2025-12-14T05:14:56.873666+00:00,BTCUSDT,90156.54
2025-12-14T05:14:56.873666+00:00,ETHUSDT,3109.3
2025-12-14T05:15:08.623109+00:00,BTCUSDT,90156.55
2025-12-14T05:15:08.623109+00:00,ETHUSDT,3108.37
2025-12-14T05:15:20.536125+00:00,BTCUSDT,90156.54
2025-12-14T05:15:20.536125+00:00,ETHUSDT,3108.78
2025-12-14T05:15:32.301252+00:00,BTCUSDT,90156.55
2025-12-14T05:15:32.301252+00:00,ETHUSDT,3108.48
2025-12-14T05:15:44.051317+00:00,BTCUSDT,90156.54
2025-12-14T05:15:44.051317+00:00,ETHUSDT,3108.47
2025-12-14T05:15:55.807188+00:00,BTCUSDT,90156.55
2025-12-14T05:15:55.807188+00:00,ETHUSDT,3108.14
2025-12-14T05:16:07.573524+00:00,BTCUSDT,90156.54
2025-12-14T05:16:07.573524+00:00,ETHUSDT,3108.65
2025-12-14T05:16:19.321111+00:00,BTCUSDT,90156.54
2025-12-14T05:16:19.321111+00:00,ETHUSDT,3108.66
2025-12-14T05:16:31.072627+00:00,BTCUSDT,90156.55
2025-12-14T05:16:31.072627+00:00,ETHUSDT,3108.18
2025-12-14T05:16:50.234597+00:00,BTCUSDT,90145.26
2025-12-14T05:16:50.234597+00:00,ETHUSDT,3108.18
2025-12-14T05:17:02.172228+00:00,BTCUSDT,90145.26
2025-12-14T05:17:02.172228+00:00,ETHUSDT,3107.94
2025-12-14T05:17:13.940639+00:00,BTCUSDT,90136.42
2025-12-14T05:17:13.940639+00:00,ETHUSDT,3107.18
2025-12-14T05:17:25.860832+00:00,BTCUSDT,90136.42
2025-12-14T05:17:25.860832+00:00,ETHUSDT,3107.27
2025-12-14T05:17:37.557705+00:00,BTCUSDT,90136.41
2025-12-14T05:17:37.557705+00:00,ETHUSDT,3107.84
2025-12-14T05:17:49.300022+00:00,BTCUSDT,90136.42
2025-12-14T05:17:49.300022+00:00,ETHUSDT,3107.85
2025-12-14T05:18:01.515705+00:00,BTCUSDT,90136.42
2025-12-14T05:18:01.515705+00:00,ETHUSDT,3108.04
2025-12-14T05:18:13.576871+00:00,BTCUSDT,90136.42
2025-12-14T05:18:13.576871+00:00,ETHUSDT,3108.03
2025-12-14T05:18:25.340934+00:00,BTCUSDT,90136.42
2025-12-14T05:18:25.340934+00:00,ETHUSDT,3108.04
2025-12-14T05:18:37.107873+00:00,BTCUSDT,90136.41
2025-12-14T05:18:37.107873+00:00,ETHUSDT,3108.03
2025-12-14T05:18:49.046016+00:00,BTCUSDT,90136.42
2025-12-14T05:18:49.046016+00:00,ETHUSDT,3108.03
2025-12-14T05:19:00.788301+00:00,BTCUSDT,90136.41
2025-12-14T05:19:00.788301+00:00,ETHUSDT,3108.11
2025-12-14T05:19:12.545517+00:00,BTCUSDT,90136.42
2025-12-14T05:19:12.545517+00:00,ETHUSDT,3107.42
2025-12-14T05:19:24.465310+00:00,BTCUSDT,90132.12
2025-12-14T05:19:24.465310+00:00,ETHUSDT,3106.92
2025-12-14T05:19:36.520026+00:00,BTCUSDT,90111.01
2025-12-14T05:19:36.520026+00:00,ETHUSDT,3106.13
2025-12-14T05:19:48.264417+00:00,BTCUSDT,90108.0
2025-12-14T05:19:48.264417+00:00,ETHUSDT,3105.69
2025-12-14T05:20:00.008760+00:00,BTCUSDT,90108.0
2025-12-14T05:20:00.008760+00:00,ETHUSDT,3106.14
2025-12-14T05:20:11.930471+00:00,BTCUSDT,90108.0
2025-12-14T05:20:11.930471+00:00,ETHUSDT,3106.97
2025-12-14T05:20:23.669564+00:00,BTCUSDT,90108.0
2025-12-14T05:20:23.669564+00:00,ETHUSDT,3106.83
2025-12-14T05:20:35.579903+00:00,BTCUSDT,90108.01
2025-12-14T05:20:35.579903+00:00,ETHUSDT,3106.31
2025-12-14T05:20:47.332242+00:00,BTCUSDT,90108.01
2025-12-14T05:20:47.332242+00:00,ETHUSDT,3106.31
2025-12-14T05:20:59.089498+00:00,BTCUSDT,90108.0
2025-12-14T05:20:59.089498+00:00,ETHUSDT,3106.43
2025-12-14T05:21:10.836761+00:00,BTCUSDT,90108.0
2025-12-14T05:21:10.836761+00:00,ETHUSDT,3106.33
2025-12-14T05:21:22.827539+00:00,BTCUSDT,90108.0
2025-12-14T05:21:22.827539+00:00,ETHUSDT,3106.08
2025-12-14T05:21:34.594539+00:00,BTCUSDT,90108.0
2025-12-14T05:21:34.594539+00:00,ETHUSDT,3105.69
2025-12-14T05:21:46.357537+00:00,BTCUSDT,90100.0
2025-12-14T05:21:46.357537+00:00,ETHUSDT,3105.34
2025-12-14T05:21:58.098989+00:00,BTCUSDT,90093.2
2025-12-14T05:21:58.098989+00:00,ETHUSDT,3105.57
2025-12-14T05:22:09.859731+00:00,BTCUSDT,90050.74
2025-12-14T05:22:09.859731+00:00,ETHUSDT,3104.6
2025-12-14T05:22:22.068705+00:00,BTCUSDT,90092.52
2025-12-14T05:22:22.068705+00:00,ETHUSDT,3106.71
2025-12-14T05:22:33.804845+00:00,BTCUSDT,90063.37
2025-12-14T05:22:33.804845+00:00,ETHUSDT,3106.01
2025-12-14T05:22:45.574030+00:00,BTCUSDT,90081.98
2025-12-14T05:22:45.574030+00:00,ETHUSDT,3106.84
2025-12-14T05:22:57.323764+00:00,BTCUSDT,90096.8
2025-12-14T05:22:57.323764+00:00,ETHUSDT,3107.08
2025-12-14T05:23:09.085452+00:00,BTCUSDT,90099.99
2025-12-14T05:23:09.085452+00:00,ETHUSDT,3107.07
2025-12-14T05:23:20.848005+00:00,BTCUSDT,90099.99
2025-12-14T05:23:20.848005+00:00,ETHUSDT,3107.08
2025-12-14T05:23:32.589885+00:00,BTCUSDT,90099.99
2025-12-14T05:23:32.589885+00:00,ETHUSDT,3107.07
2025-12-14T05:23:44.516326+00:00,BTCUSDT,90111.26
2025-12-14T05:23:44.516326+00:00,ETHUSDT,3107.86
2025-12-14T05:23:56.235440+00:00,BTCUSDT,90111.26
2025-12-14T05:23:56.235440+00:00,ETHUSDT,3108.14
2025-12-14T05:24:07.994807+00:00,BTCUSDT,90111.25
2025-12-14T05:24:07.994807+00:00,ETHUSDT,3108.41
2025-12-14T05:24:19.863009+00:00,BTCUSDT,90111.26
2025-12-14T05:24:19.863009+00:00,ETHUSDT,3108.32
2025-12-14T05:24:31.843112+00:00,BTCUSDT,90111.26
2025-12-14T05:24:31.843112+00:00,ETHUSDT,3108.31
2025-12-14T05:24:43.611504+00:00,BTCUSDT,90111.25
2025-12-14T05:24:43.611504+00:00,ETHUSDT,3108.3
2025-12-14T05:24:55.512438+00:00,BTCUSDT,90111.25
2025-12-14T05:24:55.512438+00:00,ETHUSDT,3108.3
2025-12-14T05:25:07.279883+00:00,BTCUSDT,90102.24
2025-12-14T05:25:07.279883+00:00,ETHUSDT,3108.02
2025-12-14T05:25:19.524269+00:00,BTCUSDT,90093.74
2025-12-14T05:25:19.524269+00:00,ETHUSDT,3107.8
2025-12-14T05:25:31.265749+00:00,BTCUSDT,90093.73
2025-12-14T05:25:31.265749+00:00,ETHUSDT,3107.8
2025-12-14T05:25:43.026638+00:00,BTCUSDT,90085.08
2025-12-14T05:25:43.026638+00:00,ETHUSDT,3107.54
2025-12-14T05:25:54.767800+00:00,BTCUSDT,90086.55
2025-12-14T05:25:54.767800+00:00,ETHUSDT,3107.32
2025-12-14T05:26:06.512962+00:00,BTCUSDT,90086.51
2025-12-14T05:26:06.512962+00:00,ETHUSDT,3106.94
2025-12-14T05:26:18.264452+00:00,BTCUSDT,90086.55
2025-12-14T05:26:18.264452+00:00,ETHUSDT,3107.43
2025-12-14T05:26:30.178838+00:00,BTCUSDT,90099.93
2025-12-14T05:26:30.178838+00:00,ETHUSDT,3108.04
2025-12-14T05:26:42.749703+00:00,BTCUSDT,90099.94
2025-12-14T05:26:42.749703+00:00,ETHUSDT,3108.0
2025-12-14T05:26:54.502021+00:00,BTCUSDT,90099.93
2025-12-14T05:26:54.502021+00:00,ETHUSDT,3107.99
2025-12-14T05:27:06.223488+00:00,BTCUSDT,90099.93
2025-12-14T05:27:06.223488+00:00,ETHUSDT,3107.9
2025-12-14T05:27:17.978260+00:00,BTCUSDT,90099.94
2025-12-14T05:27:17.978260+00:00,ETHUSDT,3107.91
2025-12-14T05:27:29.727666+00:00,BTCUSDT,90099.94
2025-12-14T05:27:29.727666+00:00,ETHUSDT,3107.91
2025-12-14T05:27:41.479679+00:00,BTCUSDT,90101.28
2025-12-14T05:27:41.479679+00:00,ETHUSDT,3107.9
2025-12-14T05:27:53.405461+00:00,BTCUSDT,90120.0
2025-12-14T05:27:53.405461+00:00,ETHUSDT,3109.59
2025-12-14T05:28:05.317325+00:00,BTCUSDT,90120.0
2025-12-14T05:28:05.317325+00:00,ETHUSDT,3109.05
2025-12-14T05:28:17.056899+00:00,BTCUSDT,90120.0
2025-12-14T05:28:17.056899+00:00,ETHUSDT,3109.05
2025-12-14T05:28:28.837869+00:00,BTCUSDT,90120.0
2025-12-14T05:28:28.837869+00:00,ETHUSDT,3109.05
2025-12-14T05:28:40.609886+00:00,BTCUSDT,90107.17
2025-12-14T05:28:40.609886+00:00,ETHUSDT,3108.33
2025-12-14T05:28:52.606123+00:00,BTCUSDT,90100.01
2025-12-14T05:28:52.606123+00:00,ETHUSDT,3106.1
2025-12-14T05:29:04.371777+00:00,BTCUSDT,90077.54
2025-12-14T05:29:04.371777+00:00,ETHUSDT,3105.59
2025-12-14T05:29:16.312657+00:00,BTCUSDT,90077.54
2025-12-14T05:29:16.312657+00:00,ETHUSDT,3105.82
2025-12-14T05:29:28.046812+00:00,BTCUSDT,90090.16
2025-12-14T05:29:28.046812+00:00,ETHUSDT,3106.69
2025-12-14T05:29:39.798680+00:00,BTCUSDT,90090.17
2025-12-14T05:29:39.798680+00:00,ETHUSDT,3106.69
2025-12-14T05:29:51.541222+00:00,BTCUSDT,90090.16
2025-12-14T05:29:51.541222+00:00,ETHUSDT,3106.4
2025-12-14T05:30:03.450261+00:00,BTCUSDT,90080.01
2025-12-14T05:30:03.450261+00:00,ETHUSDT,3106.24
2025-12-14T05:30:15.184737+00:00,BTCUSDT,90080.01
2025-12-14T05:30:15.184737+00:00,ETHUSDT,3106.67
2025-12-14T05:30:26.934970+00:00,BTCUSDT,90085.99
2025-12-14T05:30:26.934970+00:00,ETHUSDT,3106.69
2025-12-14T05:30:38.847222+00:00,BTCUSDT,90086.0
2025-12-14T05:30:38.847222+00:00,ETHUSDT,3106.7
2025-12-14T05:30:50.601668+00:00,BTCUSDT,90086.0
2025-12-14T05:30:50.601668+00:00,ETHUSDT,3106.69
2025-12-14T05:31:02.486751+00:00,BTCUSDT,90105.97
2025-12-14T05:31:02.486751+00:00,ETHUSDT,3106.91
2025-12-14T05:31:14.260008+00:00,BTCUSDT,90105.96
2025-12-14T05:31:14.260008+00:00,ETHUSDT,3107.77
2025-12-14T05:31:26.172412+00:00,BTCUSDT,90116.26
2025-12-14T05:31:26.172412+00:00,ETHUSDT,3107.88
2025-12-14T05:31:37.929739+00:00,BTCUSDT,90116.25
2025-12-14T05:31:37.929739+00:00,ETHUSDT,3107.87
2025-12-14T05:31:49.866564+00:00,BTCUSDT,90116.25
2025-12-14T05:31:49.866564+00:00,ETHUSDT,3107.87
2025-12-14T05:32:01.611074+00:00,BTCUSDT,90116.25
2025-12-14T05:32:01.611074+00:00,ETHUSDT,3107.87
2025-12-14T05:32:13.531133+00:00,BTCUSDT,90116.25
2025-12-14T05:32:13.531133+00:00,ETHUSDT,3107.88
2025-12-14T05:32:25.291349+00:00,BTCUSDT,90116.26
2025-12-14T05:32:25.291349+00:00,ETHUSDT,3107.88
2025-12-14T05:32:37.034659+00:00,BTCUSDT,90116.25
2025-12-14T05:32:37.034659+00:00,ETHUSDT,3107.87
2025-12-14T05:32:48.796917+00:00,BTCUSDT,90116.26
2025-12-14T05:32:48.796917+00:00,ETHUSDT,3107.87
2025-12-14T05:33:00.711386+00:00,BTCUSDT,90121.75
2025-12-14T05:33:00.711386+00:00,ETHUSDT,3107.88
2025-12-14T05:33:12.460271+00:00,BTCUSDT,90123.99
2025-12-14T05:33:12.460271+00:00,ETHUSDT,3107.88
2025-12-14T05:33:24.366598+00:00,BTCUSDT,90124.0
2025-12-14T05:33:24.366598+00:00,ETHUSDT,3107.87
2025-12-14T05:33:36.126788+00:00,BTCUSDT,90123.99
2025-12-14T05:33:36.126788+00:00,ETHUSDT,3107.54
2025-12-14T05:33:47.884439+00:00,BTCUSDT,90106.66
2025-12-14T05:33:47.884439+00:00,ETHUSDT,3106.83
2025-12-14T05:33:59.634380+00:00,BTCUSDT,90086.23
2025-12-14T05:33:59.634380+00:00,ETHUSDT,3106.22
2025-12-14T05:34:11.559851+00:00,BTCUSDT,90084.44
2025-12-14T05:34:11.559851+00:00,ETHUSDT,3106.45
2025-12-14T05:34:23.310234+00:00,BTCUSDT,90084.45
2025-12-14T05:34:23.310234+00:00,ETHUSDT,3106.44
2025-12-14T05:34:35.220383+00:00,BTCUSDT,90079.46
2025-12-14T05:34:35.220383+00:00,ETHUSDT,3106.44
2025-12-14T05:34:46.977478+00:00,BTCUSDT,90079.46
2025-12-14T05:34:46.977478+00:00,ETHUSDT,3106.43
2025-12-14T05:34:58.729846+00:00,BTCUSDT,90091.3
2025-12-14T05:34:58.729846+00:00,ETHUSDT,3107.28
2025-12-14T05:35:10.496457+00:00,BTCUSDT,90093.69
2025-12-14T05:35:10.496457+00:00,ETHUSDT,3107.29
2025-12-14T05:35:22.252364+00:00,BTCUSDT,90086.05
2025-12-14T05:35:22.252364+00:00,ETHUSDT,3107.56
2025-12-14T05:35:33.981923+00:00,BTCUSDT,90086.04
2025-12-14T05:35:33.981923+00:00,ETHUSDT,3107.79
2025-12-14T05:35:45.736462+00:00,BTCUSDT,90086.04
2025-12-14T05:35:45.736462+00:00,ETHUSDT,3107.8
2025-12-14T05:35:57.484466+00:00,BTCUSDT,90086.05
2025-12-14T05:35:57.484466+00:00,ETHUSDT,3107.79
2025-12-14T05:36:09.365631+00:00,BTCUSDT,90086.04
2025-12-14T05:36:09.365631+00:00,ETHUSDT,3107.79
2025-12-14T05:36:21.273091+00:00,BTCUSDT,90086.04
2025-12-14T05:36:21.273091+00:00,ETHUSDT,3107.8
2025-12-14T05:36:33.050697+00:00,BTCUSDT,90086.05
2025-12-14T05:36:33.050697+00:00,ETHUSDT,3107.79
2025-12-14T05:36:44.983504+00:00,BTCUSDT,90086.04
2025-12-14T05:36:44.983504+00:00,ETHUSDT,3107.8
2025-12-14T05:36:56.745300+00:00,BTCUSDT,90095.05
2025-12-14T05:36:56.745300+00:00,ETHUSDT,3108.29
2025-12-14T05:37:08.511304+00:00,BTCUSDT,90097.83
2025-12-14T05:37:08.511304+00:00,ETHUSDT,3108.83
2025-12-14T05:37:20.288411+00:00,BTCUSDT,90097.83
2025-12-14T05:37:20.288411+00:00,ETHUSDT,3108.22
2025-12-14T05:37:32.373119+00:00,BTCUSDT,90117.47
2025-12-14T05:37:32.373119+00:00,ETHUSDT,3108.58
2025-12-14T05:37:44.139011+00:00,BTCUSDT,90117.47
2025-12-14T05:37:44.139011+00:00,ETHUSDT,3108.57
2025-12-14T05:37:55.905797+00:00,BTCUSDT,90117.48
2025-12-14T05:37:55.905797+00:00,ETHUSDT,3108.57
2025-12-14T05:38:07.805231+00:00,BTCUSDT,90117.48
2025-12-14T05:38:07.805231+00:00,ETHUSDT,3108.58
2025-12-14T05:38:19.617994+00:00,BTCUSDT,90104.08
2025-12-14T05:38:19.617994+00:00,ETHUSDT,3108.17
2025-12-14T05:38:31.375044+00:00,BTCUSDT,90096.09
2025-12-14T05:38:31.375044+00:00,ETHUSDT,3108.16
2025-12-14T05:38:43.324771+00:00,BTCUSDT,90096.1
2025-12-14T05:38:43.324771+00:00,ETHUSDT,3108.16
2025-12-14T05:38:55.328628+00:00,BTCUSDT,90105.26
2025-12-14T05:38:55.328628+00:00,ETHUSDT,3108.56
2025-12-14T05:39:07.078761+00:00,BTCUSDT,90111.4
2025-12-14T05:39:07.078761+00:00,ETHUSDT,3109.25
2025-12-14T05:39:18.834000+00:00,BTCUSDT,90121.66
2025-12-14T05:39:18.834000+00:00,ETHUSDT,3109.26
2025-12-14T05:39:30.743387+00:00,BTCUSDT,90146.37
2025-12-14T05:39:30.743387+00:00,ETHUSDT,3111.55
2025-12-14T05:39:42.511135+00:00,BTCUSDT,90146.37
2025-12-14T05:39:42.511135+00:00,ETHUSDT,3110.48
2025-12-14T05:39:54.440432+00:00,BTCUSDT,90146.38
2025-12-14T05:39:54.440432+00:00,ETHUSDT,3109.97
2025-12-14T05:40:06.204262+00:00,BTCUSDT,90146.32
2025-12-14T05:40:06.204262+00:00,ETHUSDT,3109.79
2025-12-14T05:40:17.978455+00:00,BTCUSDT,90146.32
2025-12-14T05:40:17.978455+00:00,ETHUSDT,3110.07
2025-12-14T05:40:29.725002+00:00,BTCUSDT,90146.32
2025-12-14T05:40:29.725002+00:00,ETHUSDT,3110.07
2025-12-14T05:40:41.629936+00:00,BTCUSDT,90146.31
2025-12-14T05:40:41.629936+00:00,ETHUSDT,3110.48
2025-12-14T05:40:53.393909+00:00,BTCUSDT,90146.31
2025-12-14T05:40:53.393909+00:00,ETHUSDT,3110.47
2025-12-14T05:41:05.277965+00:00,BTCUSDT,90146.32
2025-12-14T05:41:05.277965+00:00,ETHUSDT,3110.48
2025-12-14T05:41:17.053945+00:00,BTCUSDT,90146.32
2025-12-14T05:41:17.053945+00:00,ETHUSDT,3110.74
2025-12-14T05:41:29.356275+00:00,BTCUSDT,90146.32
2025-12-14T05:41:29.356275+00:00,ETHUSDT,3110.92
2025-12-14T05:41:41.414363+00:00,BTCUSDT,90146.32
2025-12-14T05:41:41.414363+00:00,ETHUSDT,3111.06
2025-12-14T05:41:53.174726+00:00,BTCUSDT,90146.31
2025-12-14T05:41:53.174726+00:00,ETHUSDT,3111.06
2025-12-14T05:42:04.932698+00:00,BTCUSDT,90149.03
2025-12-14T05:42:04.932698+00:00,ETHUSDT,3112.99
2025-12-14T05:42:16.831994+00:00,BTCUSDT,90149.02
2025-12-14T05:42:16.831994+00:00,ETHUSDT,3112.99
2025-12-14T05:42:28.563984+00:00,BTCUSDT,90149.03
2025-12-14T05:42:28.563984+00:00,ETHUSDT,3112.31
2025-12-14T05:42:40.339743+00:00,BTCUSDT,90158.05
2025-12-14T05:42:40.339743+00:00,ETHUSDT,3112.26
2025-12-14T05:42:52.246824+00:00,BTCUSDT,90158.04
2025-12-14T05:42:52.246824+00:00,ETHUSDT,3112.63
2025-12-14T05:43:04.024813+00:00,BTCUSDT,90158.05
2025-12-14T05:43:04.024813+00:00,ETHUSDT,3112.63
2025-12-14T05:43:15.800346+00:00,BTCUSDT,90158.05
2025-12-14T05:43:15.800346+00:00,ETHUSDT,3112.25
2025-12-14T05:43:27.614866+00:00,BTCUSDT,90158.05
2025-12-14T05:43:27.614866+00:00,ETHUSDT,3112.25
2025-12-14T05:43:39.514922+00:00,BTCUSDT,90158.04
2025-12-14T05:43:39.514922+00:00,ETHUSDT,3112.4
2025-12-14T05:43:51.282318+00:00,BTCUSDT,90158.04
2025-12-14T05:43:51.282318+00:00,ETHUSDT,3112.4
2025-12-14T05:44:03.203770+00:00,BTCUSDT,90158.04
2025-12-14T05:44:03.203770+00:00,ETHUSDT,3112.88
2025-12-14T05:44:14.963196+00:00,BTCUSDT,90158.05
2025-12-14T05:44:14.963196+00:00,ETHUSDT,3112.46
2025-12-14T05:44:26.869487+00:00,BTCUSDT,90158.06
2025-12-14T05:44:26.869487+00:00,ETHUSDT,3112.47
2025-12-14T05:44:38.628232+00:00,BTCUSDT,90158.06
2025-12-14T05:44:38.628232+00:00,ETHUSDT,3112.88
2025-12-14T05:44:50.546685+00:00,BTCUSDT,90158.06
2025-12-14T05:44:50.546685+00:00,ETHUSDT,3113.12
2025-12-14T05:45:02.332005+00:00,BTCUSDT,90158.06
2025-12-14T05:45:02.332005+00:00,ETHUSDT,3113.12
2025-12-14T05:45:14.826499+00:00,BTCUSDT,90158.06
2025-12-14T05:45:14.826499+00:00,ETHUSDT,3113.24
2025-12-14T05:45:27.106983+00:00,BTCUSDT,90158.05
2025-12-14T05:45:27.106983+00:00,ETHUSDT,3113.24
2025-12-14T05:45:39.026975+00:00,BTCUSDT,90158.05
2025-12-14T05:45:39.026975+00:00,ETHUSDT,3113.24
2025-12-14T05:45:51.246517+00:00,BTCUSDT,90152.58
2025-12-14T05:45:51.246517+00:00,ETHUSDT,3113.2
2025-12-14T05:46:03.172808+00:00,BTCUSDT,90152.58
2025-12-14T05:46:03.172808+00:00,ETHUSDT,3113.2
2025-12-14T05:46:14.928416+00:00,BTCUSDT,90159.25
2025-12-14T05:46:14.928416+00:00,ETHUSDT,3113.21
2025-12-14T05:46:27.155434+00:00,BTCUSDT,90159.24
2025-12-14T05:46:27.155434+00:00,ETHUSDT,3113.2
2025-12-14T05:46:39.081095+00:00,BTCUSDT,90159.25
2025-12-14T05:46:39.081095+00:00,ETHUSDT,3113.21
2025-12-14T05:46:50.854705+00:00,BTCUSDT,90174.86
2025-12-14T05:46:50.854705+00:00,ETHUSDT,3113.2
2025-12-14T05:47:02.605688+00:00,BTCUSDT,90174.87
2025-12-14T05:47:02.605688+00:00,ETHUSDT,3113.07
2025-12-14T05:47:14.537532+00:00,BTCUSDT,90187.86
2025-12-14T05:47:14.537532+00:00,ETHUSDT,3113.2
2025-12-14T05:47:26.312682+00:00,BTCUSDT,90180.33
2025-12-14T05:47:26.312682+00:00,ETHUSDT,3114.0
2025-12-14T05:47:38.060208+00:00,BTCUSDT,90205.43
2025-12-14T05:47:38.060208+00:00,ETHUSDT,3113.5
2025-12-14T05:47:49.849781+00:00,BTCUSDT,90219.51
2025-12-14T05:47:49.849781+00:00,ETHUSDT,3113.66
2025-12-14T05:48:01.789121+00:00,BTCUSDT,90227.03
2025-12-14T05:48:01.789121+00:00,ETHUSDT,3114.58
2025-12-14T05:48:13.540008+00:00,BTCUSDT,90227.03
2025-12-14T05:48:13.540008+00:00,ETHUSDT,3114.59
2025-12-14T05:48:25.462265+00:00,BTCUSDT,90227.03
2025-12-14T05:48:25.462265+00:00,ETHUSDT,3114.58
2025-12-14T05:48:37.234026+00:00,BTCUSDT,90227.03
2025-12-14T05:48:37.234026+00:00,ETHUSDT,3114.59
2025-12-14T05:58:48.331775+00:00,BTCUSDT,90199.06
2025-12-14T05:58:48.331775+00:00,ETHUSDT,3111.62
2025-12-14T05:59:00.090187+00:00,BTCUSDT,90199.06
2025-12-14T05:59:00.090187+00:00,ETHUSDT,3111.63
2025-12-14T05:59:11.875247+00:00,BTCUSDT,90199.07
2025-12-14T05:59:11.875247+00:00,ETHUSDT,3111.62
2025-12-14T05:59:23.645539+00:00,BTCUSDT,90199.07
2025-12-14T05:59:23.645539+00:00,ETHUSDT,3111.63
2025-12-14T05:59:35.574159+00:00,BTCUSDT,90199.07
2025-12-14T05:59:35.574159+00:00,ETHUSDT,3111.63
2025-12-14T05:59:47.347117+00:00,BTCUSDT,90199.07
2025-12-14T05:59:47.347117+00:00,ETHUSDT,3111.62
2025-12-14T05:59:59.264577+00:00,BTCUSDT,90199.06
2025-12-14T05:59:59.264577+00:00,ETHUSDT,3111.62
2025-12-14T06:00:11.042226+00:00,BTCUSDT,90192.74
2025-12-14T06:00:11.042226+00:00,ETHUSDT,3111.31
2025-12-14T06:00:22.801363+00:00,BTCUSDT,90192.74
2025-12-14T06:00:22.801363+00:00,ETHUSDT,3111.31
2025-12-14T06:00:34.578087+00:00,BTCUSDT,90190.66
2025-12-14T06:00:34.578087+00:00,ETHUSDT,3111.32
2025-12-14T06:00:46.490758+00:00,BTCUSDT,90190.67
2025-12-14T06:00:46.490758+00:00,ETHUSDT,3111.32
2025-12-14T06:00:58.248998+00:00,BTCUSDT,90190.67
2025-12-14T06:00:58.248998+00:00,ETHUSDT,3111.32
2025-12-14T06:01:10.192344+00:00,BTCUSDT,90190.66
2025-12-14T06:01:10.192344+00:00,ETHUSDT,3111.11
2025-12-14T06:01:21.955419+00:00,BTCUSDT,90190.66
2025-12-14T06:01:21.955419+00:00,ETHUSDT,3110.67
2025-12-14T06:01:33.884909+00:00,BTCUSDT,90190.66
2025-12-14T06:01:33.884909+00:00,ETHUSDT,3110.67
2025-12-14T06:01:45.638627+00:00,BTCUSDT,90190.67
2025-12-14T06:01:45.638627+00:00,ETHUSDT,3110.84
2025-12-14T06:01:57.566357+00:00,BTCUSDT,90190.67
2025-12-14T06:01:57.566357+00:00,ETHUSDT,3110.84
2025-12-14T06:02:09.337643+00:00,BTCUSDT,90190.66
2025-12-14T06:02:09.337643+00:00,ETHUSDT,3111.29
2025-12-14T06:02:21.265427+00:00,BTCUSDT,90190.95
2025-12-14T06:02:21.265427+00:00,ETHUSDT,3111.29
2025-12-14T06:02:33.026640+00:00,BTCUSDT,90230.79
2025-12-14T06:02:33.026640+00:00,ETHUSDT,3112.05
2025-12-14T06:02:45.075358+00:00,BTCUSDT,90230.78
2025-12-14T06:02:45.075358+00:00,ETHUSDT,3112.05
2025-12-14T06:02:56.841752+00:00,BTCUSDT,90230.78
2025-12-14T06:02:56.841752+00:00,ETHUSDT,3112.04
2025-12-14T06:03:08.788284+00:00,BTCUSDT,90230.79
2025-12-14T06:03:08.788284+00:00,ETHUSDT,3111.63
2025-12-14T06:03:20.552070+00:00,BTCUSDT,90218.77
2025-12-14T06:03:20.552070+00:00,ETHUSDT,3110.71
2025-12-14T06:03:32.312333+00:00,BTCUSDT,90218.76
2025-12-14T06:03:32.312333+00:00,ETHUSDT,3110.7
2025-12-14T06:03:44.088460+00:00,BTCUSDT,90218.77
2025-12-14T06:03:44.088460+00:00,ETHUSDT,3110.7
2025-12-14T06:03:56.043536+00:00,BTCUSDT,90218.76
2025-12-14T06:03:56.043536+00:00,ETHUSDT,3110.7
2025-12-14T06:04:07.890161+00:00,BTCUSDT,90215.85
2025-12-14T06:04:07.890161+00:00,ETHUSDT,3110.71
2025-12-14T06:04:19.811055+00:00,BTCUSDT,90215.85
2025-12-14T06:04:19.811055+00:00,ETHUSDT,3111.1
2025-12-14T06:04:31.570260+00:00,BTCUSDT,90215.86
2025-12-14T06:04:31.570260+00:00,ETHUSDT,3111.1
2025-12-14T06:04:43.330587+00:00,BTCUSDT,90215.85
2025-12-14T06:04:43.330587+00:00,ETHUSDT,3111.1
2025-12-14T06:04:55.082559+00:00,BTCUSDT,90215.85
2025-12-14T06:04:55.082559+00:00,ETHUSDT,3111.1
2025-12-14T06:05:07.029895+00:00,BTCUSDT,90215.86
2025-12-14T06:05:07.029895+00:00,ETHUSDT,3111.11
2025-12-14T06:05:18.795884+00:00,BTCUSDT,90215.85
2025-12-14T06:05:18.795884+00:00,ETHUSDT,3111.1
2025-12-14T06:05:30.720507+00:00,BTCUSDT,90215.86
2025-12-14T06:05:30.720507+00:00,ETHUSDT,3111.11
2025-12-14T06:05:42.484942+00:00,BTCUSDT,90215.85
2025-12-14T06:05:42.484942+00:00,ETHUSDT,3111.1
2025-12-14T06:05:54.672616+00:00,BTCUSDT,90215.85
2025-12-14T06:05:54.672616+00:00,ETHUSDT,3111.1
2025-12-14T06:06:06.445368+00:00,BTCUSDT,90215.86
2025-12-14T06:06:06.445368+00:00,ETHUSDT,3110.77
2025-12-14T06:06:18.365323+00:00,BTCUSDT,90215.85
2025-12-14T06:06:18.365323+00:00,ETHUSDT,3110.78
2025-12-14T06:06:30.130037+00:00,BTCUSDT,90215.85
2025-12-14T06:06:30.130037+00:00,ETHUSDT,3110.77
2025-12-14T06:06:41.896335+00:00,BTCUSDT,90215.85
2025-12-14T06:06:41.896335+00:00,ETHUSDT,3110.78
2025-12-14T06:06:53.654684+00:00,BTCUSDT,90215.85
2025-12-14T06:06:53.654684+00:00,ETHUSDT,3110.65
2025-12-14T06:07:05.558566+00:00,BTCUSDT,90215.86
2025-12-14T06:07:05.558566+00:00,ETHUSDT,3110.65
2025-12-14T06:07:17.482492+00:00,BTCUSDT,90215.86
2025-12-14T06:07:17.482492+00:00,ETHUSDT,3111.27
2025-12-14T06:07:29.248312+00:00,BTCUSDT,90215.87
2025-12-14T06:07:29.248312+00:00,ETHUSDT,3111.26
2025-12-14T06:07:41.208635+00:00,BTCUSDT,90215.87
2025-12-14T06:07:41.208635+00:00,ETHUSDT,3111.26
2025-12-14T06:07:53.061035+00:00,BTCUSDT,90215.86
2025-12-14T06:07:53.061035+00:00,ETHUSDT,3111.27
2025-12-14T06:08:04.830178+00:00,BTCUSDT,90215.87
2025-12-14T06:08:04.830178+00:00,ETHUSDT,3111.26
2025-12-14T06:08:16.611727+00:00,BTCUSDT,90215.86
2025-12-14T06:08:16.611727+00:00,ETHUSDT,3110.98
2025-12-14T06:08:28.713362+00:00,BTCUSDT,90215.86
2025-12-14T06:08:28.713362+00:00,ETHUSDT,3110.54
2025-12-14T06:08:40.502671+00:00,BTCUSDT,90215.87
2025-12-14T06:08:40.502671+00:00,ETHUSDT,3110.54
2025-12-14T06:08:52.272195+00:00,BTCUSDT,90215.86
2025-12-14T06:08:52.272195+00:00,ETHUSDT,3110.54
2025-12-14T06:09:04.234559+00:00,BTCUSDT,90215.87
2025-12-14T06:09:04.234559+00:00,ETHUSDT,3110.53
2025-12-14T06:09:16.011098+00:00,BTCUSDT,90205.58
2025-12-14T06:09:16.011098+00:00,ETHUSDT,3110.4
2025-12-14T06:09:27.752743+00:00,BTCUSDT,90189.89
2025-12-14T06:09:27.752743+00:00,ETHUSDT,3110.0
2025-12-14T06:09:39.671348+00:00,BTCUSDT,90189.9
2025-12-14T06:09:39.671348+00:00,ETHUSDT,3110.0
2025-12-14T06:09:51.577987+00:00,BTCUSDT,90189.9
2025-12-14T06:09:51.577987+00:00,ETHUSDT,3110.01
2025-12-14T06:10:03.360711+00:00,BTCUSDT,90182.23
2025-12-14T06:10:03.360711+00:00,ETHUSDT,3109.69
2025-12-14T06:10:15.145721+00:00,BTCUSDT,90182.23
2025-12-14T06:10:15.145721+00:00,ETHUSDT,3110.0
2025-12-14T06:10:27.075328+00:00,BTCUSDT,90182.24
2025-12-14T06:10:27.075328+00:00,ETHUSDT,3109.99
2025-12-14T06:10:38.841118+00:00,BTCUSDT,90182.24
2025-12-14T06:10:38.841118+00:00,ETHUSDT,3109.99
2025-12-14T06:10:50.770135+00:00,BTCUSDT,90183.16
2025-12-14T06:10:50.770135+00:00,ETHUSDT,3110.0
2025-12-14T06:11:02.525898+00:00,BTCUSDT,90183.16
2025-12-14T06:11:02.525898+00:00,ETHUSDT,3109.99
2025-12-14T06:11:14.314950+00:00,BTCUSDT,90183.16
2025-12-14T06:11:14.314950+00:00,ETHUSDT,3110.0
2025-12-14T06:11:26.104321+00:00,BTCUSDT,90183.64
2025-12-14T06:11:26.104321+00:00,ETHUSDT,3110.4
2025-12-14T06:11:38.039578+00:00,BTCUSDT,90183.64
2025-12-14T06:11:38.039578+00:00,ETHUSDT,3111.18
2025-12-14T06:11:49.798799+00:00,BTCUSDT,90192.65
2025-12-14T06:11:49.798799+00:00,ETHUSDT,3111.63
2025-12-14T06:12:01.563910+00:00,BTCUSDT,90192.66
2025-12-14T06:12:01.563910+00:00,ETHUSDT,3111.63
2025-12-14T06:12:13.312573+00:00,BTCUSDT,90192.65
2025-12-14T06:12:13.312573+00:00,ETHUSDT,3111.63
2025-12-14T06:12:25.090477+00:00,BTCUSDT,90192.66
2025-12-14T06:12:25.090477+00:00,ETHUSDT,3111.63
2025-12-14T06:12:37.327861+00:00,BTCUSDT,90192.65
2025-12-14T06:12:37.327861+00:00,ETHUSDT,3111.62
2025-12-14T06:12:49.111387+00:00,BTCUSDT,90192.65
2025-12-14T06:12:49.111387+00:00,ETHUSDT,3111.63
2025-12-14T06:13:00.874279+00:00,BTCUSDT,90192.66
2025-12-14T06:13:00.874279+00:00,ETHUSDT,3111.62
2025-12-14T06:13:12.628268+00:00,BTCUSDT,90192.65
2025-12-14T06:13:12.628268+00:00,ETHUSDT,3111.62
2025-12-14T06:13:24.381175+00:00,BTCUSDT,90203.37
2025-12-14T06:13:24.381175+00:00,ETHUSDT,3111.63
2025-12-14T06:13:36.162280+00:00,BTCUSDT,90202.2
2025-12-14T06:13:36.162280+00:00,ETHUSDT,3111.4
2025-12-14T06:13:47.925700+00:00,BTCUSDT,90202.2
2025-12-14T06:13:47.925700+00:00,ETHUSDT,3111.4
2025-12-14T06:13:59.842778+00:00,BTCUSDT,90199.07
2025-12-14T06:13:59.842778+00:00,ETHUSDT,3111.54
2025-12-14T06:14:11.608857+00:00,BTCUSDT,90199.07
2025-12-14T06:14:11.608857+00:00,ETHUSDT,3111.54
2025-12-14T06:14:23.360787+00:00,BTCUSDT,90198.07
2025-12-14T06:14:23.360787+00:00,ETHUSDT,3111.55
2025-12-14T06:14:35.136227+00:00,BTCUSDT,90198.06
2025-12-14T06:14:35.136227+00:00,ETHUSDT,3111.54
2025-12-14T06:14:47.053798+00:00,BTCUSDT,90198.01
2025-12-14T06:14:47.053798+00:00,ETHUSDT,3111.55
2025-12-14T06:14:58.804860+00:00,BTCUSDT,90197.99
2025-12-14T06:14:58.804860+00:00,ETHUSDT,3111.54
2025-12-14T06:15:11.308558+00:00,BTCUSDT,90197.92
2025-12-14T06:15:11.308558+00:00,ETHUSDT,3111.23
2025-12-14T06:15:23.095476+00:00,BTCUSDT,90197.83
2025-12-14T06:15:23.095476+00:00,ETHUSDT,3111.57
2025-12-14T06:15:34.864378+00:00,BTCUSDT,90194.13
2025-12-14T06:15:34.864378+00:00,ETHUSDT,3111.57
2025-12-14T06:15:46.643847+00:00,BTCUSDT,90194.13
2025-12-14T06:15:46.643847+00:00,ETHUSDT,3111.58
2025-12-14T06:15:58.629108+00:00,BTCUSDT,90194.13
2025-12-14T06:15:58.629108+00:00,ETHUSDT,3111.57
2025-12-14T06:16:10.831135+00:00,BTCUSDT,90194.14
2025-12-14T06:16:10.831135+00:00,ETHUSDT,3111.57
2025-12-14T06:16:22.583919+00:00,BTCUSDT,90194.14
2025-12-14T06:16:22.583919+00:00,ETHUSDT,3111.58
2025-12-14T06:16:34.366615+00:00,BTCUSDT,90192.65
2025-12-14T06:16:34.366615+00:00,ETHUSDT,3110.83
2025-12-14T06:16:46.286386+00:00,BTCUSDT,90192.66
2025-12-14T06:16:46.286386+00:00,ETHUSDT,3110.83
2025-12-14T06:16:58.204423+00:00,BTCUSDT,90192.66
2025-12-14T06:16:58.204423+00:00,ETHUSDT,3110.82
2025-12-14T06:17:10.037239+00:00,BTCUSDT,90189.76
2025-12-14T06:17:10.037239+00:00,ETHUSDT,3111.14
2025-12-14T06:17:21.965790+00:00,BTCUSDT,90189.76
2025-12-14T06:17:21.965790+00:00,ETHUSDT,3111.99
2025-12-14T06:17:33.736786+00:00,BTCUSDT,90196.9
2025-12-14T06:17:33.736786+00:00,ETHUSDT,3112.4
2025-12-14T06:17:45.660283+00:00,BTCUSDT,90196.9
2025-12-14T06:17:45.660283+00:00,ETHUSDT,3112.4
2025-12-14T06:17:57.417725+00:00,BTCUSDT,90202.2
2025-12-14T06:17:57.417725+00:00,ETHUSDT,3112.53
2025-12-14T06:18:09.509036+00:00,BTCUSDT,90202.2
2025-12-14T06:18:09.509036+00:00,ETHUSDT,3112.53
2025-12-14T06:18:21.258601+00:00,BTCUSDT,90203.23
2025-12-14T06:18:21.258601+00:00,ETHUSDT,3112.53
2025-12-14T06:18:33.037708+00:00,BTCUSDT,90215.73
2025-12-14T06:18:33.037708+00:00,ETHUSDT,3112.96
2025-12-14T06:18:45.040787+00:00,BTCUSDT,90224.75
2025-12-14T06:18:45.040787+00:00,ETHUSDT,3114.13
2025-12-14T06:18:56.917029+00:00,BTCUSDT,90224.76
2025-12-14T06:18:56.917029+00:00,ETHUSDT,3114.5
2025-12-14T06:19:08.947826+00:00,BTCUSDT,90224.75
2025-12-14T06:19:08.947826+00:00,ETHUSDT,3114.76
2025-12-14T06:19:20.902725+00:00,BTCUSDT,90224.76
2025-12-14T06:19:20.902725+00:00,ETHUSDT,3114.74
2025-12-14T06:19:32.837915+00:00,BTCUSDT,90224.75
2025-12-14T06:19:32.837915+00:00,ETHUSDT,3114.31
2025-12-14T06:19:44.598364+00:00,BTCUSDT,90213.52
2025-12-14T06:19:44.598364+00:00,ETHUSDT,3113.39
2025-12-14T06:19:56.875681+00:00,BTCUSDT,90209.39
2025-12-14T06:19:56.875681+00:00,ETHUSDT,3113.05
2025-12-14T06:20:09.152975+00:00,BTCUSDT,90193.45
2025-12-14T06:20:09.152975+00:00,ETHUSDT,3112.52
2025-12-14T06:20:20.913969+00:00,BTCUSDT,90186.36
2025-12-14T06:20:20.913969+00:00,ETHUSDT,3112.33
2025-12-14T06:20:32.900419+00:00,BTCUSDT,90186.36
2025-12-14T06:20:32.900419+00:00,ETHUSDT,3112.33
2025-12-14T06:20:44.700525+00:00,BTCUSDT,90186.36
2025-12-14T06:20:44.700525+00:00,ETHUSDT,3112.32
2025-12-14T06:20:56.636928+00:00,BTCUSDT,90186.28
2025-12-14T06:20:56.636928+00:00,ETHUSDT,3112.32
2025-12-14T06:21:09.102796+00:00,BTCUSDT,90186.2
2025-12-14T06:21:09.102796+00:00,ETHUSDT,3112.33
2025-12-14T06:21:21.441207+00:00,BTCUSDT,90186.12
2025-12-14T06:21:21.441207+00:00,ETHUSDT,3112.32
2025-12-14T06:21:33.675848+00:00,BTCUSDT,90179.95
2025-12-14T06:21:33.675848+00:00,ETHUSDT,3112.32
2025-12-14T06:21:45.470155+00:00,BTCUSDT,90175.45
2025-12-14T06:21:45.470155+00:00,ETHUSDT,3112.33
2025-12-14T06:21:57.274540+00:00,BTCUSDT,90175.45
2025-12-14T06:21:57.274540+00:00,ETHUSDT,3112.43
2025-12-14T06:22:09.931378+00:00,BTCUSDT,90173.92
2025-12-14T06:22:09.931378+00:00,ETHUSDT,3112.1
2025-12-14T06:22:21.879790+00:00,BTCUSDT,90172.53
2025-12-14T06:22:21.879790+00:00,ETHUSDT,3112.1
2025-12-14T06:22:33.647844+00:00,BTCUSDT,90160.93
2025-12-14T06:22:33.647844+00:00,ETHUSDT,3111.74
2025-12-14T06:22:45.406821+00:00,BTCUSDT,90149.15
2025-12-14T06:22:45.406821+00:00,ETHUSDT,3110.65
2025-12-14T06:22:57.725929+00:00,BTCUSDT,90139.4
2025-12-14T06:22:57.725929+00:00,ETHUSDT,3110.2
2025-12-14T06:23:09.616394+00:00,BTCUSDT,90137.15
2025-12-14T06:23:09.616394+00:00,ETHUSDT,3110.01
2025-12-14T06:23:21.404657+00:00,BTCUSDT,90145.02
2025-12-14T06:23:21.404657+00:00,ETHUSDT,3110.0
2025-12-14T06:23:32.630016+00:00,ETHUSDT,3110.0
2025-12-14T06:23:44.532103+00:00,BTCUSDT,90139.79
2025-12-14T06:23:44.532103+00:00,ETHUSDT,3110.01
2025-12-14T06:23:56.270486+00:00,BTCUSDT,90139.79
2025-12-14T06:23:56.270486+00:00,ETHUSDT,3110.26
2025-12-14T06:24:08.024475+00:00,BTCUSDT,90139.79
2025-12-14T06:24:08.024475+00:00,ETHUSDT,3110.26
2025-12-14T06:24:19.972191+00:00,BTCUSDT,90139.79
2025-12-14T06:24:19.972191+00:00,ETHUSDT,3110.57
2025-12-14T06:24:31.711619+00:00,BTCUSDT,90139.79
2025-12-14T06:24:31.711619+00:00,ETHUSDT,3110.57
2025-12-14T06:24:43.609850+00:00,BTCUSDT,90121.17
2025-12-14T06:24:43.609850+00:00,ETHUSDT,3109.89
2025-12-14T06:24:55.354639+00:00,BTCUSDT,90121.17
2025-12-14T06:24:55.354639+00:00,ETHUSDT,3109.79
2025-12-14T06:25:07.584093+00:00,BTCUSDT,90121.17
2025-12-14T06:25:07.584093+00:00,ETHUSDT,3109.78
2025-12-14T06:25:19.358240+00:00,BTCUSDT,90121.16
2025-12-14T06:25:19.358240+00:00,ETHUSDT,3109.8
2025-12-14T06:25:31.293103+00:00,BTCUSDT,90121.17
2025-12-14T06:25:31.293103+00:00,ETHUSDT,3109.78
2025-12-14T06:25:43.075625+00:00,BTCUSDT,90130.18
2025-12-14T06:25:43.075625+00:00,ETHUSDT,3109.79
2025-12-14T06:25:54.830266+00:00,BTCUSDT,90127.47
2025-12-14T06:25:54.830266+00:00,ETHUSDT,3109.78
2025-12-14T06:26:06.570314+00:00,BTCUSDT,90127.47
2025-12-14T06:26:06.570314+00:00,ETHUSDT,3109.79
2025-12-14T06:26:18.326612+00:00,BTCUSDT,90127.47
2025-12-14T06:26:18.326612+00:00,ETHUSDT,3109.79
2025-12-14T06:26:30.544322+00:00,BTCUSDT,90127.47
2025-12-14T06:26:30.544322+00:00,ETHUSDT,3109.79
2025-12-14T06:26:42.291141+00:00,BTCUSDT,90127.47
2025-12-14T06:26:42.291141+00:00,ETHUSDT,3109.78
2025-12-14T06:26:54.038913+00:00,BTCUSDT,90127.46
2025-12-14T06:26:54.038913+00:00,ETHUSDT,3109.78
2025-12-14T06:27:05.789162+00:00,BTCUSDT,90127.46
2025-12-14T06:27:05.789162+00:00,ETHUSDT,3109.43
2025-12-14T06:27:17.550442+00:00,BTCUSDT,90127.46
2025-12-14T06:27:17.550442+00:00,ETHUSDT,3109.42
2025-12-14T06:27:29.343587+00:00,BTCUSDT,90117.54
2025-12-14T06:27:29.343587+00:00,ETHUSDT,3108.39
2025-12-14T06:27:41.101475+00:00,BTCUSDT,90117.55
2025-12-14T06:27:41.101475+00:00,ETHUSDT,3108.34
2025-12-14T06:27:53.014287+00:00,BTCUSDT,90117.55
2025-12-14T06:27:53.014287+00:00,ETHUSDT,3108.69
2025-12-14T06:28:04.758548+00:00,BTCUSDT,90101.37
2025-12-14T06:28:04.758548+00:00,ETHUSDT,3107.11
2025-12-14T06:28:16.531580+00:00,BTCUSDT,90096.27
2025-12-14T06:28:16.531580+00:00,ETHUSDT,3107.45
2025-12-14T06:28:28.288841+00:00,BTCUSDT,90096.27
2025-12-14T06:28:28.288841+00:00,ETHUSDT,3107.86
2025-12-14T06:28:40.214927+00:00,BTCUSDT,90096.27
2025-12-14T06:28:40.214927+00:00,ETHUSDT,3107.86
2025-12-14T06:28:51.987837+00:00,BTCUSDT,90096.28
2025-12-14T06:28:51.987837+00:00,ETHUSDT,3107.86
2025-12-14T06:29:03.893014+00:00,BTCUSDT,90096.28
2025-12-14T06:29:03.893014+00:00,ETHUSDT,3107.86
2025-12-14T06:29:16.163620+00:00,BTCUSDT,90096.28
2025-12-14T06:29:16.163620+00:00,ETHUSDT,3107.87
2025-12-14T06:29:27.937083+00:00,BTCUSDT,90100.78
2025-12-14T06:29:27.937083+00:00,ETHUSDT,3107.88
2025-12-14T06:29:39.727237+00:00,BTCUSDT,90101.36
2025-12-14T06:29:39.727237+00:00,ETHUSDT,3107.94
2025-12-14T06:29:51.661653+00:00,BTCUSDT,90101.35
2025-12-14T06:29:51.661653+00:00,ETHUSDT,3107.95
2025-12-14T06:30:03.417655+00:00,BTCUSDT,90115.24
2025-12-14T06:30:03.417655+00:00,ETHUSDT,3108.23
2025-12-14T06:30:15.191310+00:00,BTCUSDT,90115.24
2025-12-14T06:30:15.191310+00:00,ETHUSDT,3108.09
2025-12-14T06:30:26.964425+00:00,BTCUSDT,90115.23
2025-12-14T06:30:26.964425+00:00,ETHUSDT,3108.08
2025-12-14T06:30:38.873475+00:00,BTCUSDT,90115.23
2025-12-14T06:30:38.873475+00:00,ETHUSDT,3108.08
2025-12-14T06:30:50.820987+00:00,BTCUSDT,90115.23
2025-12-14T06:30:50.820987+00:00,ETHUSDT,3108.08
2025-12-14T06:31:02.579150+00:00,BTCUSDT,90115.23
2025-12-14T06:31:02.579150+00:00,ETHUSDT,3107.68
2025-12-14T06:31:14.487943+00:00,BTCUSDT,90115.23
2025-12-14T06:31:14.487943+00:00,ETHUSDT,3107.31
2025-12-14T06:31:26.362658+00:00,BTCUSDT,90100.12
2025-12-14T06:31:26.362658+00:00,ETHUSDT,3107.16
2025-12-14T06:31:38.123526+00:00,BTCUSDT,90100.12
2025-12-14T06:31:38.123526+00:00,ETHUSDT,3106.67
2025-12-14T06:31:49.873110+00:00,BTCUSDT,90100.12
2025-12-14T06:31:49.873110+00:00,ETHUSDT,3106.66
2025-12-14T06:32:01.952687+00:00,BTCUSDT,90100.12
2025-12-14T06:32:01.952687+00:00,ETHUSDT,3106.17
2025-12-14T06:32:13.712821+00:00,BTCUSDT,90100.12
2025-12-14T06:32:13.712821+00:00,ETHUSDT,3106.0
2025-12-14T06:32:25.467393+00:00,BTCUSDT,90100.13
2025-12-14T06:32:25.467393+00:00,ETHUSDT,3106.01
2025-12-14T06:32:37.376990+00:00,BTCUSDT,90100.12
2025-12-14T06:32:37.376990+00:00,ETHUSDT,3106.01
2025-12-14T06:32:49.127044+00:00,BTCUSDT,90100.12
2025-12-14T06:32:49.127044+00:00,ETHUSDT,3106.19
2025-12-14T06:33:00.869390+00:00,BTCUSDT,90100.13
2025-12-14T06:33:00.869390+00:00,ETHUSDT,3106.44
2025-12-14T06:33:12.784875+00:00,BTCUSDT,90100.12
2025-12-14T06:33:12.784875+00:00,ETHUSDT,3106.45
2025-12-14T06:33:24.543783+00:00,BTCUSDT,90100.13
2025-12-14T06:33:24.543783+00:00,ETHUSDT,3105.38
2025-12-14T06:33:36.324669+00:00,BTCUSDT,90100.09
2025-12-14T06:33:36.324669+00:00,ETHUSDT,3106.26
2025-12-14T06:33:48.164939+00:00,BTCUSDT,90100.09
2025-12-14T06:33:48.164939+00:00,ETHUSDT,3106.42
2025-12-14T06:34:00.140318+00:00,BTCUSDT,90100.1
2025-12-14T06:34:00.140318+00:00,ETHUSDT,3106.59
2025-12-14T06:34:11.912117+00:00,BTCUSDT,90100.1
2025-12-14T06:34:11.912117+00:00,ETHUSDT,3106.61
2025-12-14T06:34:23.844025+00:00,BTCUSDT,90100.09
2025-12-14T06:34:23.844025+00:00,ETHUSDT,3106.75
2025-12-14T06:34:35.625090+00:00,BTCUSDT,90100.1
2025-12-14T06:34:35.625090+00:00,ETHUSDT,3106.74
2025-12-14T06:34:47.529568+00:00,BTCUSDT,90099.77
2025-12-14T06:34:47.529568+00:00,ETHUSDT,3106.75
2025-12-14T06:34:59.299053+00:00,BTCUSDT,90099.76
2025-12-14T06:34:59.299053+00:00,ETHUSDT,3106.75
2025-12-14T06:35:11.220689+00:00,BTCUSDT,90092.93
2025-12-14T06:35:11.220689+00:00,ETHUSDT,3106.6
2025-12-14T06:35:22.962070+00:00,BTCUSDT,90092.87
2025-12-14T06:35:22.962070+00:00,ETHUSDT,3106.23
2025-12-14T06:35:34.863916+00:00,BTCUSDT,90092.86
2025-12-14T06:35:34.863916+00:00,ETHUSDT,3107.1
2025-12-14T06:35:46.609568+00:00,BTCUSDT,90099.79
2025-12-14T06:35:46.609568+00:00,ETHUSDT,3107.47
2025-12-14T06:35:58.359630+00:00,BTCUSDT,90099.77
2025-12-14T06:35:58.359630+00:00,ETHUSDT,3107.46
2025-12-14T06:36:10.152239+00:00,BTCUSDT,90099.77
2025-12-14T06:36:10.152239+00:00,ETHUSDT,3107.47
2025-12-14T06:36:22.072409+00:00,BTCUSDT,90099.77
2025-12-14T06:36:22.072409+00:00,ETHUSDT,3107.47
2025-12-14T06:36:33.922391+00:00,BTCUSDT,90099.77
2025-12-14T06:36:33.922391+00:00,ETHUSDT,3107.22
2025-12-14T06:36:45.665480+00:00,BTCUSDT,90099.78
2025-12-14T06:36:45.665480+00:00,ETHUSDT,3107.23
2025-12-14T06:36:57.403651+00:00,BTCUSDT,90099.78
2025-12-14T06:36:57.403651+00:00,ETHUSDT,3107.23
2025-12-14T06:37:09.334928+00:00,BTCUSDT,90099.78
2025-12-14T06:37:09.334928+00:00,ETHUSDT,3107.23
2025-12-14T06:37:21.078760+00:00,BTCUSDT,90099.74
2025-12-14T06:37:21.078760+00:00,ETHUSDT,3107.39
2025-12-14T06:37:33.005860+00:00,BTCUSDT,90099.99
2025-12-14T06:37:33.005860+00:00,ETHUSDT,3108.07
2025-12-14T06:37:44.742683+00:00,BTCUSDT,90099.99
2025-12-14T06:37:44.742683+00:00,ETHUSDT,3108.07
2025-12-14T06:37:56.511306+00:00,BTCUSDT,90099.97
2025-12-14T06:37:56.511306+00:00,ETHUSDT,3107.55
2025-12-14T06:38:08.259454+00:00,BTCUSDT,90107.65
2025-12-14T06:38:08.259454+00:00,ETHUSDT,3108.05
2025-12-14T06:38:20.414612+00:00,BTCUSDT,90118.67
2025-12-14T06:38:20.414612+00:00,ETHUSDT,3108.06
2025-12-14T06:38:32.172310+00:00,BTCUSDT,90118.67
2025-12-14T06:38:32.172310+00:00,ETHUSDT,3108.05
2025-12-14T06:38:44.082461+00:00,BTCUSDT,90120.13
2025-12-14T06:38:44.082461+00:00,ETHUSDT,3108.06
2025-12-14T06:38:55.830874+00:00,BTCUSDT,90134.46
2025-12-14T06:38:55.830874+00:00,ETHUSDT,3108.46
2025-12-14T06:39:07.605323+00:00,BTCUSDT,90134.45
2025-12-14T06:39:07.605323+00:00,ETHUSDT,3108.77
2025-12-14T06:39:19.383811+00:00,BTCUSDT,90134.45
2025-12-14T06:39:19.383811+00:00,ETHUSDT,3109.05
2025-12-14T06:39:31.311519+00:00,BTCUSDT,90135.25
2025-12-14T06:39:31.311519+00:00,ETHUSDT,3109.04
2025-12-14T06:39:43.078078+00:00,BTCUSDT,90135.25
2025-12-14T06:39:43.078078+00:00,ETHUSDT,3109.39
2025-12-14T06:39:54.829247+00:00,BTCUSDT,90141.99
2025-12-14T06:39:54.829247+00:00,ETHUSDT,3109.59
2025-12-14T06:40:06.578406+00:00,BTCUSDT,90145.75
2025-12-14T06:40:06.578406+00:00,ETHUSDT,3109.59
2025-12-14T06:40:18.534133+00:00,BTCUSDT,90145.76
2025-12-14T06:40:18.534133+00:00,ETHUSDT,3109.58
2025-12-14T06:40:30.442441+00:00,BTCUSDT,90152.97
2025-12-14T06:40:30.442441+00:00,ETHUSDT,3109.79
2025-12-14T06:40:42.184344+00:00,BTCUSDT,90152.97
2025-12-14T06:40:42.184344+00:00,ETHUSDT,3109.96
2025-12-14T06:40:54.090913+00:00,BTCUSDT,90152.96
2025-12-14T06:40:54.090913+00:00,ETHUSDT,3109.97
2025-12-14T06:41:05.842516+00:00,BTCUSDT,90152.96
2025-12-14T06:41:05.842516+00:00,ETHUSDT,3109.96
2025-12-14T06:41:17.574549+00:00,BTCUSDT,90152.97
2025-12-14T06:41:17.574549+00:00,ETHUSDT,3109.96
2025-12-14T06:41:29.308374+00:00,BTCUSDT,90152.96
2025-12-14T06:41:29.308374+00:00,ETHUSDT,3110.29
2025-12-14T06:41:41.397078+00:00,BTCUSDT,90152.97
2025-12-14T06:41:41.397078+00:00,ETHUSDT,3110.75
2025-12-14T06:41:53.164988+00:00,BTCUSDT,90160.34
2025-12-14T06:41:53.164988+00:00,ETHUSDT,3111.21
2025-12-14T06:44:27.284268+00:00,BTCUSDT,90172.34
2025-12-14T06:44:27.284268+00:00,ETHUSDT,3111.62
2025-12-14T06:44:39.056391+00:00,BTCUSDT,90172.31
2025-12-14T06:44:39.056391+00:00,ETHUSDT,3112.08
2025-12-14T06:44:50.806607+00:00,BTCUSDT,90170.73
2025-12-14T06:44:50.806607+00:00,ETHUSDT,3112.39
2025-12-14T06:45:03.008992+00:00,BTCUSDT,90167.92
2025-12-14T06:45:03.008992+00:00,ETHUSDT,3112.39
2025-12-14T06:45:14.935187+00:00,BTCUSDT,90167.92
2025-12-14T06:45:14.935187+00:00,ETHUSDT,3112.39
2025-12-14T06:45:26.689109+00:00,BTCUSDT,90167.92
2025-12-14T06:45:26.689109+00:00,ETHUSDT,3112.39
2025-12-14T06:45:38.623534+00:00,BTCUSDT,90167.93
2025-12-14T06:45:38.623534+00:00,ETHUSDT,3112.4
2025-12-14T06:45:50.547500+00:00,BTCUSDT,90165.75
2025-12-14T06:45:50.547500+00:00,ETHUSDT,3112.39
2025-12-14T06:46:02.317362+00:00,BTCUSDT,90165.76
2025-12-14T06:46:02.317362+00:00,ETHUSDT,3112.4
2025-12-14T06:46:14.082145+00:00,BTCUSDT,90162.55
2025-12-14T06:46:14.082145+00:00,ETHUSDT,3112.39
2025-12-14T06:46:26.005615+00:00,BTCUSDT,90161.53
2025-12-14T06:46:26.005615+00:00,ETHUSDT,3112.52
2025-12-14T06:46:37.772226+00:00,BTCUSDT,90154.38
2025-12-14T06:46:37.772226+00:00,ETHUSDT,3111.63
2025-12-14T06:46:49.717153+00:00,BTCUSDT,90145.27
2025-12-14T06:46:49.717153+00:00,ETHUSDT,3110.82
2025-12-14T06:47:01.499242+00:00,BTCUSDT,90145.26
2025-12-14T06:47:01.499242+00:00,ETHUSDT,3110.83
2025-12-14T06:47:13.250573+00:00,BTCUSDT,90145.27
2025-12-14T06:47:13.250573+00:00,ETHUSDT,3110.73
2025-12-14T06:47:25.006179+00:00,BTCUSDT,90145.26
2025-12-14T06:47:25.006179+00:00,ETHUSDT,3110.72
2025-12-14T06:47:36.938712+00:00,BTCUSDT,90152.52
2025-12-14T06:47:36.938712+00:00,ETHUSDT,3110.72
2025-12-14T06:47:48.705304+00:00,BTCUSDT,90152.51
2025-12-14T06:47:48.705304+00:00,ETHUSDT,3110.12
2025-12-14T06:48:00.493084+00:00,BTCUSDT,90147.37
2025-12-14T06:48:00.493084+00:00,ETHUSDT,3110.02
2025-12-14T06:48:12.257639+00:00,BTCUSDT,90147.38
2025-12-14T06:48:12.257639+00:00,ETHUSDT,3110.5
2025-12-14T06:48:24.002077+00:00,BTCUSDT,90147.38
2025-12-14T06:48:24.002077+00:00,ETHUSDT,3110.51
2025-12-14T06:48:36.223319+00:00,BTCUSDT,90147.37
2025-12-14T06:48:36.223319+00:00,ETHUSDT,3110.51
2025-12-14T06:48:47.969959+00:00,BTCUSDT,90147.37
2025-12-14T06:48:47.969959+00:00,ETHUSDT,3110.5
2025-12-14T06:48:59.719862+00:00,BTCUSDT,90147.37
2025-12-14T06:48:59.719862+00:00,ETHUSDT,3110.73
2025-12-14T06:49:11.485920+00:00,BTCUSDT,90147.38
2025-12-14T06:49:11.485920+00:00,ETHUSDT,3110.73
2025-12-14T06:49:23.237982+00:00,BTCUSDT,90147.37
2025-12-14T06:49:23.237982+00:00,ETHUSDT,3110.89
2025-12-14T06:49:34.967756+00:00,BTCUSDT,90147.38
2025-12-14T06:49:34.967756+00:00,ETHUSDT,3110.99
2025-12-14T06:49:46.726211+00:00,BTCUSDT,90147.37
2025-12-14T06:49:46.726211+00:00,ETHUSDT,3110.99
2025-12-14T06:49:58.675673+00:00,BTCUSDT,90147.37
2025-12-14T06:49:58.675673+00:00,ETHUSDT,3110.88
2025-12-14T06:50:10.457625+00:00,BTCUSDT,90147.37
2025-12-14T06:50:10.457625+00:00,ETHUSDT,3110.27
2025-12-14T06:50:22.220373+00:00,BTCUSDT,90147.38
2025-12-14T06:50:22.220373+00:00,ETHUSDT,3110.27
2025-12-14T06:50:33.982122+00:00,BTCUSDT,90147.38
2025-12-14T06:50:33.982122+00:00,ETHUSDT,3109.9
2025-12-14T06:50:45.885705+00:00,BTCUSDT,90147.38
2025-12-14T06:50:45.885705+00:00,ETHUSDT,3109.76
2025-12-14T06:50:57.639635+00:00,BTCUSDT,90147.38
2025-12-14T06:50:57.639635+00:00,ETHUSDT,3109.75
2025-12-14T06:51:09.550003+00:00,BTCUSDT,90147.37
2025-12-14T06:51:09.550003+00:00,ETHUSDT,3109.76
2025-12-14T06:51:21.281881+00:00,BTCUSDT,90147.37
2025-12-14T06:51:21.281881+00:00,ETHUSDT,3109.75
2025-12-14T06:51:33.158248+00:00,BTCUSDT,90146.42
2025-12-14T06:51:33.158248+00:00,ETHUSDT,3109.76
2025-12-14T06:51:44.917042+00:00,BTCUSDT,90141.01
2025-12-14T06:51:44.917042+00:00,ETHUSDT,3109.75
2025-12-14T06:51:56.657895+00:00,BTCUSDT,90130.08
2025-12-14T06:51:56.657895+00:00,ETHUSDT,3109.44
2025-12-14T06:52:08.400945+00:00,BTCUSDT,90136.39
2025-12-14T06:52:08.400945+00:00,ETHUSDT,3109.48
2025-12-14T06:52:20.158348+00:00,BTCUSDT,90136.39
2025-12-14T06:52:20.158348+00:00,ETHUSDT,3109.05
2025-12-14T06:52:31.916589+00:00,BTCUSDT,90136.39
2025-12-14T06:52:31.916589+00:00,ETHUSDT,3109.05
2025-12-14T06:52:43.813587+00:00,BTCUSDT,90136.39
2025-12-14T06:52:43.813587+00:00,ETHUSDT,3109.2
2025-12-14T06:52:55.715497+00:00,BTCUSDT,90136.39
2025-12-14T06:52:55.715497+00:00,ETHUSDT,3109.98
2025-12-14T06:53:07.478470+00:00,BTCUSDT,90136.39
2025-12-14T06:53:07.478470+00:00,ETHUSDT,3110.28
2025-12-14T06:53:19.402667+00:00,BTCUSDT,90136.4
2025-12-14T06:53:19.402667+00:00,ETHUSDT,3110.27
2025-12-14T06:53:31.149892+00:00,BTCUSDT,90136.39
2025-12-14T06:53:31.149892+00:00,ETHUSDT,3110.28
2025-12-14T06:53:42.895942+00:00,BTCUSDT,90136.4
2025-12-14T06:53:42.895942+00:00,ETHUSDT,3110.27
2025-12-14T06:53:54.640011+00:00,BTCUSDT,90136.4
2025-12-14T06:53:54.640011+00:00,ETHUSDT,3109.99
2025-12-14T06:54:06.714586+00:00,BTCUSDT,90136.4
2025-12-14T06:54:06.714586+00:00,ETHUSDT,3109.99
2025-12-14T06:54:18.467445+00:00,BTCUSDT,90136.4
2025-12-14T06:54:18.467445+00:00,ETHUSDT,3109.99
2025-12-14T06:54:30.249414+00:00,BTCUSDT,90136.39
2025-12-14T06:54:30.249414+00:00,ETHUSDT,3109.98
2025-12-14T06:54:42.174036+00:00,BTCUSDT,90136.39
2025-12-14T06:54:42.174036+00:00,ETHUSDT,3109.98
2025-12-14T06:54:53.931742+00:00,BTCUSDT,90136.4
2025-12-14T06:54:53.931742+00:00,ETHUSDT,3109.98
2025-12-14T06:55:05.680279+00:00,BTCUSDT,90168.38
2025-12-14T06:55:05.680279+00:00,ETHUSDT,3110.72
2025-12-14T06:55:17.582002+00:00,BTCUSDT,90175.6
2025-12-14T06:55:17.582002+00:00,ETHUSDT,3110.72
2025-12-14T06:55:29.322444+00:00,BTCUSDT,90169.71
2025-12-14T06:55:29.322444+00:00,ETHUSDT,3110.11
2025-12-14T06:55:41.063565+00:00,BTCUSDT,90154.46
2025-12-14T06:55:41.063565+00:00,ETHUSDT,3109.63
2025-12-14T06:55:52.819174+00:00,BTCUSDT,90154.46
2025-12-14T06:55:52.819174+00:00,ETHUSDT,3109.78
2025-12-14T06:56:04.762046+00:00,BTCUSDT,90154.45
2025-12-14T06:56:04.762046+00:00,ETHUSDT,3110.11
2025-12-14T06:56:16.556838+00:00,BTCUSDT,90154.46
2025-12-14T06:56:16.556838+00:00,ETHUSDT,3110.12
2025-12-14T06:56:28.462098+00:00,BTCUSDT,90154.46
2025-12-14T06:56:28.462098+00:00,ETHUSDT,3110.12
2025-12-14T06:56:40.221551+00:00,BTCUSDT,90149.2
2025-12-14T06:56:40.221551+00:00,ETHUSDT,3109.6
2025-12-14T06:56:52.163428+00:00,BTCUSDT,90145.26
2025-12-14T06:56:52.163428+00:00,ETHUSDT,3109.58
2025-12-14T06:57:03.915091+00:00,BTCUSDT,90145.27
2025-12-14T06:57:03.915091+00:00,ETHUSDT,3109.81
2025-12-14T06:57:15.830466+00:00,BTCUSDT,90145.26
2025-12-14T06:57:15.830466+00:00,ETHUSDT,3110.07
2025-12-14T06:57:27.576932+00:00,BTCUSDT,90145.27
2025-12-14T06:57:27.576932+00:00,ETHUSDT,3110.08
2025-12-14T06:57:39.519458+00:00,BTCUSDT,90145.27
2025-12-14T06:57:39.519458+00:00,ETHUSDT,3110.08
2025-12-14T06:57:51.276217+00:00,BTCUSDT,90145.27
2025-12-14T06:57:51.276217+00:00,ETHUSDT,3110.07
2025-12-14T06:58:03.028795+00:00,BTCUSDT,90145.27
2025-12-14T06:58:03.028795+00:00,ETHUSDT,3110.07
2025-12-14T06:58:14.818667+00:00,BTCUSDT,90145.26
2025-12-14T06:58:14.818667+00:00,ETHUSDT,3110.08
2025-12-14T06:58:26.881417+00:00,BTCUSDT,90145.27
2025-12-14T06:58:26.881417+00:00,ETHUSDT,3110.08
2025-12-14T06:58:38.634599+00:00,BTCUSDT,90145.26
2025-12-14T06:58:38.634599+00:00,ETHUSDT,3110.08
2025-12-14T06:58:50.365505+00:00,BTCUSDT,90145.27
2025-12-14T06:58:50.365505+00:00,ETHUSDT,3110.15
2025-12-14T06:59:02.285620+00:00,BTCUSDT,90145.27
2025-12-14T06:59:02.285620+00:00,ETHUSDT,3110.4
2025-12-14T06:59:14.463897+00:00,BTCUSDT,90145.27
2025-12-14T06:59:14.463897+00:00,ETHUSDT,3110.72
2025-12-14T06:59:26.224582+00:00,BTCUSDT,90145.27
2025-12-14T06:59:26.224582+00:00,ETHUSDT,3110.72
2025-12-14T06:59:38.143541+00:00,BTCUSDT,90145.27
2025-12-14T06:59:38.143541+00:00,ETHUSDT,3110.73
2025-12-14T06:59:49.917789+00:00,BTCUSDT,90145.26
2025-12-14T06:59:49.917789+00:00,ETHUSDT,3110.72
2025-12-14T07:00:01.658199+00:00,BTCUSDT,90145.26
2025-12-14T07:00:01.658199+00:00,ETHUSDT,3110.73
2025-12-14T07:00:13.415719+00:00,BTCUSDT,90145.27
2025-12-14T07:00:13.415719+00:00,ETHUSDT,3110.26
2025-12-14T07:00:25.248645+00:00,BTCUSDT,90145.27
2025-12-14T07:00:25.248645+00:00,ETHUSDT,3110.27
2025-12-14T07:00:37.152184+00:00,BTCUSDT,90145.27
2025-12-14T07:00:37.152184+00:00,ETHUSDT,3110.27
2025-12-14T07:00:48.918318+00:00,BTCUSDT,90145.27
2025-12-14T07:00:48.918318+00:00,ETHUSDT,3110.27
2025-12-14T07:01:00.846108+00:00,BTCUSDT,90145.26
2025-12-14T07:01:00.846108+00:00,ETHUSDT,3110.26
2025-12-14T07:01:12.607745+00:00,BTCUSDT,90145.26
2025-12-14T07:01:12.607745+00:00,ETHUSDT,3110.26
2025-12-14T07:01:24.371614+00:00,BTCUSDT,90145.27
2025-12-14T07:01:24.371614+00:00,ETHUSDT,3110.26
2025-12-14T07:01:36.130543+00:00,BTCUSDT,90145.27
2025-12-14T07:01:36.130543+00:00,ETHUSDT,3110.27
2025-12-14T07:01:48.056568+00:00,BTCUSDT,90145.26
2025-12-14T07:01:48.056568+00:00,ETHUSDT,3110.41
2025-12-14T07:01:59.805571+00:00,BTCUSDT,90145.27
2025-12-14T07:01:59.805571+00:00,ETHUSDT,3110.41
2025-12-14T07:02:11.549980+00:00,BTCUSDT,90145.26
2025-12-14T07:02:11.549980+00:00,ETHUSDT,3110.23
2025-12-14T07:02:23.448982+00:00,BTCUSDT,90145.27
2025-12-14T07:02:23.448982+00:00,ETHUSDT,3110.23
2025-12-14T07:02:35.214906+00:00,BTCUSDT,90145.26
2025-12-14T07:02:35.214906+00:00,ETHUSDT,3109.9
2025-12-14T07:02:47.107603+00:00,BTCUSDT,90145.26
2025-12-14T07:02:47.107603+00:00,ETHUSDT,3109.85
2025-12-14T07:02:58.850828+00:00,BTCUSDT,90145.26
2025-12-14T07:02:58.850828+00:00,ETHUSDT,3109.59
2025-12-14T07:03:10.754951+00:00,BTCUSDT,90129.63
2025-12-14T07:03:10.754951+00:00,ETHUSDT,3109.85
2025-12-14T07:03:22.532997+00:00,BTCUSDT,90129.62
2025-12-14T07:03:22.532997+00:00,ETHUSDT,3109.88
2025-12-14T07:03:34.460588+00:00,BTCUSDT,90129.62
2025-12-14T07:03:34.460588+00:00,ETHUSDT,3110.32
2025-12-14T07:03:46.215574+00:00,BTCUSDT,90129.61
2025-12-14T07:03:46.215574+00:00,ETHUSDT,3110.31
2025-12-14T07:03:58.126936+00:00,BTCUSDT,90129.61
2025-12-14T07:03:58.126936+00:00,ETHUSDT,3110.32
2025-12-14T07:04:09.898994+00:00,BTCUSDT,90145.18
2025-12-14T07:04:09.898994+00:00,ETHUSDT,3111.62
2025-12-14T07:04:21.661499+00:00,BTCUSDT,90145.19
2025-12-14T07:04:21.661499+00:00,ETHUSDT,3111.62
2025-12-14T07:04:33.436258+00:00,BTCUSDT,90145.19
2025-12-14T07:04:33.436258+00:00,ETHUSDT,3111.62
2025-12-14T07:04:45.363926+00:00,BTCUSDT,90145.19
2025-12-14T07:04:45.363926+00:00,ETHUSDT,3112.42
2025-12-14T07:04:57.123422+00:00,BTCUSDT,90145.19
2025-12-14T07:04:57.123422+00:00,ETHUSDT,3112.42
2025-12-14T07:05:09.046887+00:00,BTCUSDT,90145.19
2025-12-14T07:05:09.046887+00:00,ETHUSDT,3111.63
2025-12-14T07:05:20.808849+00:00,BTCUSDT,90145.19
2025-12-14T07:05:20.808849+00:00,ETHUSDT,3111.63
2025-12-14T07:05:32.562041+00:00,BTCUSDT,90145.19
2025-12-14T07:05:32.562041+00:00,ETHUSDT,3111.62
2025-12-14T07:05:44.304924+00:00,BTCUSDT,90136.87
2025-12-14T07:05:44.304924+00:00,ETHUSDT,3111.62
2025-12-14T07:05:56.210307+00:00,BTCUSDT,90136.87
2025-12-14T07:05:56.210307+00:00,ETHUSDT,3111.23
2025-12-14T07:06:07.960429+00:00,BTCUSDT,90136.86
2025-12-14T07:06:07.960429+00:00,ETHUSDT,3110.69
2025-12-14T07:06:19.889259+00:00,BTCUSDT,90136.86
2025-12-14T07:06:19.889259+00:00,ETHUSDT,3110.2
2025-12-14T07:06:31.641287+00:00,BTCUSDT,90136.87
2025-12-14T07:06:31.641287+00:00,ETHUSDT,3109.92
2025-12-14T07:06:43.404656+00:00,BTCUSDT,90136.86
2025-12-14T07:06:43.404656+00:00,ETHUSDT,3109.81
2025-12-14T07:06:55.150975+00:00,BTCUSDT,90136.87
2025-12-14T07:06:55.150975+00:00,ETHUSDT,3109.81
2025-12-14T07:07:07.084254+00:00,BTCUSDT,90143.18
2025-12-14T07:07:07.084254+00:00,ETHUSDT,3110.34
2025-12-14T07:07:18.852680+00:00,BTCUSDT,90143.17
2025-12-14T07:07:18.852680+00:00,ETHUSDT,3110.43
2025-12-14T07:07:30.622240+00:00,BTCUSDT,90143.17
2025-12-14T07:07:30.622240+00:00,ETHUSDT,3110.42
2025-12-14T07:07:42.362080+00:00,BTCUSDT,90143.18
2025-12-14T07:07:42.362080+00:00,ETHUSDT,3110.43
2025-12-14T07:07:54.280403+00:00,BTCUSDT,90143.17
2025-12-14T07:07:54.280403+00:00,ETHUSDT,3110.17
2025-12-14T07:08:06.191012+00:00,BTCUSDT,90143.17
2025-12-14T07:08:06.191012+00:00,ETHUSDT,3110.03
2025-12-14T07:08:17.945936+00:00,BTCUSDT,90143.17
2025-12-14T07:08:17.945936+00:00,ETHUSDT,3109.88
2025-12-14T07:08:29.887723+00:00,BTCUSDT,90143.18
2025-12-14T07:08:29.887723+00:00,ETHUSDT,3109.89
2025-12-14T07:08:41.675689+00:00,BTCUSDT,90143.18
2025-12-14T07:08:41.675689+00:00,ETHUSDT,3109.88
2025-12-14T07:08:53.429991+00:00,BTCUSDT,90143.17
2025-12-14T07:08:53.429991+00:00,ETHUSDT,3109.89
2025-12-14T07:09:05.221256+00:00,BTCUSDT,90143.17
2025-12-14T07:09:05.221256+00:00,ETHUSDT,3109.88
2025-12-14T07:09:17.289270+00:00,BTCUSDT,90143.17
2025-12-14T07:09:17.289270+00:00,ETHUSDT,3109.58
2025-12-14T07:09:29.067786+00:00,BTCUSDT,90143.17
2025-12-14T07:09:29.067786+00:00,ETHUSDT,3109.59
2025-12-14T07:09:40.839679+00:00,BTCUSDT,90143.18
2025-12-14T07:09:40.839679+00:00,ETHUSDT,3109.58
2025-12-14T07:09:52.740820+00:00,BTCUSDT,90143.17
2025-12-14T07:09:52.740820+00:00,ETHUSDT,3109.59
2025-12-14T07:10:04.475375+00:00,BTCUSDT,90143.11
2025-12-14T07:10:04.475375+00:00,ETHUSDT,3109.58
2025-12-14T07:10:16.213879+00:00,BTCUSDT,90143.11
2025-12-14T07:10:16.213879+00:00,ETHUSDT,3110.45
2025-12-14T07:10:29.122875+00:00,BTCUSDT,90143.11
2025-12-14T07:10:29.122875+00:00,ETHUSDT,3110.46
2025-12-14T07:10:41.014817+00:00,BTCUSDT,90143.11
2025-12-14T07:10:41.014817+00:00,ETHUSDT,3110.45
2025-12-14T07:10:52.763757+00:00,BTCUSDT,90143.1
2025-12-14T07:10:52.763757+00:00,ETHUSDT,3110.69
2025-12-14T07:11:04.955414+00:00,BTCUSDT,90143.11
2025-12-14T07:11:04.955414+00:00,ETHUSDT,3110.68
2025-12-14T07:11:16.883691+00:00,BTCUSDT,90143.1
2025-12-14T07:11:16.883691+00:00,ETHUSDT,3110.69
2025-12-14T07:11:28.652751+00:00,BTCUSDT,90143.11
2025-12-14T07:11:28.652751+00:00,ETHUSDT,3110.69
2025-12-14T07:11:40.550974+00:00,BTCUSDT,90143.11
2025-12-14T07:11:40.550974+00:00,ETHUSDT,3110.68
2025-12-14T07:11:52.318039+00:00,BTCUSDT,90143.1
2025-12-14T07:11:52.318039+00:00,ETHUSDT,3110.68
2025-12-14T07:12:04.088722+00:00,BTCUSDT,90143.1
2025-12-14T07:12:04.088722+00:00,ETHUSDT,3110.68
2025-12-14T07:12:15.838226+00:00,BTCUSDT,90143.1
2025-12-14T07:12:15.838226+00:00,ETHUSDT,3111.28
2025-12-14T07:12:27.599658+00:00,BTCUSDT,90143.1
2025-12-14T07:12:27.599658+00:00,ETHUSDT,3111.49
2025-12-14T07:12:39.367603+00:00,BTCUSDT,90143.1
2025-12-14T07:12:39.367603+00:00,ETHUSDT,3111.49
2025-12-14T07:12:51.175622+00:00,BTCUSDT,90143.1
2025-12-14T07:12:51.175622+00:00,ETHUSDT,3111.54
2025-12-14T07:13:02.948669+00:00,BTCUSDT,90143.11
2025-12-14T07:13:02.948669+00:00,ETHUSDT,3111.54
2025-12-14T07:13:14.699933+00:00,BTCUSDT,90143.11
2025-12-14T07:13:14.699933+00:00,ETHUSDT,3111.54
2025-12-14T07:13:26.905899+00:00,BTCUSDT,90143.1
2025-12-14T07:13:26.905899+00:00,ETHUSDT,3111.54
2025-12-14T07:13:38.635181+00:00,BTCUSDT,90143.11
2025-12-14T07:13:38.635181+00:00,ETHUSDT,3111.55
2025-12-14T07:13:50.387507+00:00,BTCUSDT,90141.16
2025-12-14T07:13:50.387507+00:00,ETHUSDT,3112.0
2025-12-14T07:14:02.148559+00:00,BTCUSDT,90141.16
2025-12-14T07:14:02.148559+00:00,ETHUSDT,3112.0
2025-12-14T07:14:13.906403+00:00,BTCUSDT,90141.16
2025-12-14T07:14:13.906403+00:00,ETHUSDT,3111.99
2025-12-14T07:14:25.675046+00:00,BTCUSDT,90141.16
2025-12-14T07:14:25.675046+00:00,ETHUSDT,3111.82
2025-12-14T07:14:37.505724+00:00,BTCUSDT,90141.16
2025-12-14T07:14:37.505724+00:00,ETHUSDT,3111.98
2025-12-14T07:14:49.425328+00:00,BTCUSDT,90141.16
2025-12-14T07:14:49.425328+00:00,ETHUSDT,3111.99
2025-12-14T07:15:01.202059+00:00,BTCUSDT,90141.16
2025-12-14T07:15:01.202059+00:00,ETHUSDT,3111.76
2025-12-14T07:15:13.415394+00:00,BTCUSDT,90141.17
2025-12-14T07:15:13.415394+00:00,ETHUSDT,3111.62
2025-12-14T07:15:25.157478+00:00,BTCUSDT,90141.17
2025-12-14T07:15:25.157478+00:00,ETHUSDT,3111.43
2025-12-14T07:15:37.097088+00:00,BTCUSDT,90141.17
2025-12-14T07:15:37.097088+00:00,ETHUSDT,3111.27
2025-12-14T07:15:48.840348+00:00,BTCUSDT,90141.16
2025-12-14T07:15:48.840348+00:00,ETHUSDT,3111.27
2025-12-14T07:16:00.741549+00:00,BTCUSDT,90141.17
2025-12-14T07:16:00.741549+00:00,ETHUSDT,3111.27
2025-12-14T07:16:12.497889+00:00,BTCUSDT,90141.17
2025-12-14T07:16:12.497889+00:00,ETHUSDT,3111.27
2025-12-14T07:16:24.300361+00:00,BTCUSDT,90141.17
2025-12-14T07:16:24.300361+00:00,ETHUSDT,3111.26
2025-12-14T07:16:36.095577+00:00,BTCUSDT,90141.16
2025-12-14T07:16:36.095577+00:00,ETHUSDT,3111.27
2025-12-14T07:16:48.067833+00:00,BTCUSDT,90141.16
2025-12-14T07:16:48.067833+00:00,ETHUSDT,3111.22
2025-12-14T07:16:59.871155+00:00,BTCUSDT,90141.16
2025-12-14T07:16:59.871155+00:00,ETHUSDT,3111.23
2025-12-14T07:17:11.658961+00:00,BTCUSDT,90141.17
2025-12-14T07:17:11.658961+00:00,ETHUSDT,3110.68
2025-12-14T07:17:23.410296+00:00,BTCUSDT,90141.16
2025-12-14T07:17:23.410296+00:00,ETHUSDT,3110.69
2025-12-14T07:17:35.318997+00:00,BTCUSDT,90141.17
2025-12-14T07:17:35.318997+00:00,ETHUSDT,3110.41
2025-12-14T07:17:47.254519+00:00,BTCUSDT,90141.17
2025-12-14T07:17:47.254519+00:00,ETHUSDT,3110.42
2025-12-14T07:17:59.008767+00:00,BTCUSDT,90141.17
2025-12-14T07:17:59.008767+00:00,ETHUSDT,3110.08
2025-12-14T07:18:10.924167+00:00,BTCUSDT,90132.15
2025-12-14T07:18:10.924167+00:00,ETHUSDT,3110.07
2025-12-14T07:18:22.693283+00:00,BTCUSDT,90132.16
2025-12-14T07:18:22.693283+00:00,ETHUSDT,3110.08
2025-12-14T07:18:34.536611+00:00,BTCUSDT,90132.15
2025-12-14T07:18:34.536611+00:00,ETHUSDT,3110.07
2025-12-14T07:18:46.281215+00:00,BTCUSDT,90132.16
2025-12-14T07:18:46.281215+00:00,ETHUSDT,3111.07
2025-12-14T07:18:58.372071+00:00,BTCUSDT,90132.15
2025-12-14T07:18:58.372071+00:00,ETHUSDT,3110.33
2025-12-14T07:19:10.129586+00:00,BTCUSDT,90132.15
2025-12-14T07:19:10.129586+00:00,ETHUSDT,3110.33
2025-12-14T07:19:21.891599+00:00,BTCUSDT,90132.15
2025-12-14T07:19:21.891599+00:00,ETHUSDT,3110.33
2025-12-14T07:19:33.832052+00:00,BTCUSDT,90132.15
2025-12-14T07:19:33.832052+00:00,ETHUSDT,3110.65
2025-12-14T07:19:45.615240+00:00,BTCUSDT,90132.15
2025-12-14T07:19:45.615240+00:00,ETHUSDT,3110.65
2025-12-14T07:19:57.381978+00:00,BTCUSDT,90132.15
2025-12-14T07:19:57.381978+00:00,ETHUSDT,3111.13
2025-12-14T07:20:09.317362+00:00,BTCUSDT,90132.15
2025-12-14T07:20:09.317362+00:00,ETHUSDT,3111.13
2025-12-14T07:20:21.257802+00:00,BTCUSDT,90132.16
2025-12-14T07:20:21.257802+00:00,ETHUSDT,3110.6
2025-12-14T07:20:33.042838+00:00,BTCUSDT,90132.15
2025-12-14T07:20:33.042838+00:00,ETHUSDT,3110.28
2025-12-14T07:20:44.811072+00:00,BTCUSDT,90132.15
2025-12-14T07:20:44.811072+00:00,ETHUSDT,3110.28
2025-12-14T07:20:56.725995+00:00,BTCUSDT,90132.15
2025-12-14T07:20:56.725995+00:00,ETHUSDT,3110.27
2025-12-14T07:21:08.497045+00:00,BTCUSDT,90132.15
2025-12-14T07:21:08.497045+00:00,ETHUSDT,3110.28
2025-12-14T07:21:20.415065+00:00,BTCUSDT,90132.15
2025-12-14T07:21:20.415065+00:00,ETHUSDT,3110.28
2025-12-14T07:21:32.239272+00:00,BTCUSDT,90132.15
2025-12-14T07:21:32.239272+00:00,ETHUSDT,3110.27
2025-12-14T07:21:44.154833+00:00,BTCUSDT,90132.15
2025-12-14T07:21:44.154833+00:00,ETHUSDT,3110.27
